Model_nodos,NCBI_Product_accesion
ABCA1,XP_006537619.1
ABCB11,NP_066302.2
ABCB1A,NP_035206.2
ABCB1B,NP_035205.1
ABCB4,NP_032856.2
ABCC2,NP_038834.2
ABCC6,NP_061265.2
ABCG2,NP_001342406.1
ABHD14A,XP_006511866.1
ABL1,XP_006497684.1
ABL2,NP_033725.2
ACACB,NP_001390456.1
ACADM,NP_031408.1
ACHE,NP_033729.1
ACMSD,NP_001028213.1
ACP5,NP_001095874.1
ACRV1,NP_031417.2
ACSBG1,NP_444408.1
ACSL4,XP_030107239.1
ACSS1,NP_542142.1
ACSS2,NP_062785.2
ACTA1,NP_033736.1
ACTA2,NP_031418.1
ACTC1,NP_033738.1
ACTG2,NP_033740.2
ADAM12,NP_031426.2
ADAM8,NP_001277995.1
ADCYAP1R1,XP_006505451.1
ADD1,NP_001318011.1
ADD2,NP_038486.2
ADIPOR1,NP_082596.2
ADORA1,NP_001278857.1
ADORA2A,NP_001318025.1
ADRA2B,NP_033763.3
AEBP2,NP_033767.2
AFF1,NP_001395180.1
AFP,NP_031449.3
AGRP,NP_001258735.1
AGT,NP_031454.4
AI467606,NP_849232.1
AICDA,NP_033775.1
AIRE,NP_001258484.1
AKAP12,NP_112462.1
AKIP1,NP_065641.1
AKR1B7,NP_033861.2
AKR1B8,NP_032038.1
ALB,NP_033784.2
ALDH1A1,NP_001348434.1
ALDH1A7,NP_036051.1
ALOX5,NP_033792.1
ALPL,XP_017175413.1
ALX1,NP_001408403.1
ALX3,NP_031467.1
ALX4,NP_031468.1
AMELX,NP_001075447.1
AMH,NP_031471.2
AMPD1,NP_001028475.2
ANGPT2,NP_031452.2
ANGPTL2,NP_036053.2
ANKRD1,NP_038496.2
ANKRD2,NP_064417.2
ANPEP,XP_036008613.1
APAF1,XP_036011453.1
APBB1,NP_001398887.1
APLP1,NP_031493.2
APOA1,NP_033822.2
APOA4,NP_031494.2
APOA5,NP_001335024.1
APOC3,NP_001276684.1
APOE,NP_033826.2
AR,NP_038504.1
AREG,NP_033834.1
ARID3A,NP_001275554.1
ARID3B,NP_001366282.1
ARID5B,NP_076087.2
ARL6IP5,NP_075368.1
ARNT,NP_001032826.1
ARR3,XP_006527928.1
ART1,XP_036008500.1
ARX,NP_031518.2
ASAH1,XP_017168016.1
ASCL1,NP_032579.2
ASCL2,NP_032580.2
ASH1L,XP_030108328.1
ASXL1,NP_001035028.1
ATF2,XP_030102713.1
ATF3,NP_031524.2
ATF6,XP_011237098.1
ATM,NP_031525.3
ATN1,NP_031907.2
ATOH1,NP_031526.1
ATOH7,NP_001351577.1
ATOH8,NP_722473.1
ATP11C,NP_001001798.1
ATP1A1,NP_659149.1
ATP1B1,NP_033851.1
ATP2A2,NP_033852.1
ATP6V1E1,NP_031536.2
ATP9A,NP_001276375.1
AUTS2,NP_001350409.1
AVP,NP_033862.1
AXL,XP_006540056.1
B3GAT1,NP_001297695.1
B4GALNT1,NP_082015.2
BACE1,NP_035922.4
BACH2,XP_030108969.1
BANP,XP_017168388.1
BARHL1,NP_001342363.1
BARX2,NP_038828.2
BATF3,NP_084336.1
BAX,XP_011249082.1
BBC3,NP_001390603.1
BCAT1,NP_031558.3
BCL2,NP_033871.2
BCL2A1A,NP_033872.1
BCL2A1D,NP_031562.1
BCL2L1,NP_001276668.1
BCL2L11,XP_006498677.1
BCL3,XP_006539550.1
BCL9,XP_030108752.1
BCL9L,NP_001408236.1
BCLAF1,NP_001020563.1
BCR,NP_001074881.1
BDNF,NP_031566.4
BFSP1,NP_033881.2
BGLAP,NP_031567.1
BGLAP2,NP_001027469.2
BGLAP3,NP_112736.3
BHLHA15,NP_034930.1
BHLHE23,NP_542372.2
BHLHE40,NP_035628.1
BHLHE41,NP_077789.1
BID,XP_036021660.1
BIRC2,XP_017168600.1
BIRC3,XP_006509892.1
BLNK,NP_001351983.1
BMI1,NP_001403843.1
BMP2,NP_031579.2
BMP5,NP_031581.2
BMP7,NP_031583.2
BMPR1B,NP_001341972.1
BMPR2,NP_031587.1
BNIP3,NP_033890.1
BRCA2,NP_001074470.1
BRINP1,NP_064351.2
BSG,NP_033898.1
BSX,XP_036010875.1
BTG2,NP_031596.1
BTK,NP_038510.2
BUB1,XP_036013667.1
BUB3,NP_033904.2
C1QB,NP_033907.1
CACNA1C,XP_006505506.1
CAD,NP_001390328.1
CADM1,NP_001297770.1
CALB2,NP_001355223.1
CALCRL,XP_036018296.1
CALD1,XP_006505411.1
CALR,NP_031617.1
CAPN2,NP_033924.2
CAR1,NP_033929.2
CASP12,NP_033938.3
CASP3,XP_017168032.1
CASP6,NP_033941.3
CASP7,XP_006526679.3
CASP8,NP_001073595.1
CASP8AP2,XP_006538012.1
CASZ1,XP_006539220.1
CAT,NP_033934.2
CAV1,NP_001396487.1
CAV3,NP_031643.1
CBFA2T3,NP_033954.2
CBL,XP_006510026.1
CCK,NP_112438.1
CCL19,NP_036018.1
CCL20,NP_058656.1
CCL21A,NP_035254.1
CCL21B,XP_036019422.1
CCL22,NP_033163.1
CCL25,XP_006508799.1
CCNA1,XP_036018767.1
CCNA2,NP_033958.2
CCNB2,NP_031656.2
CCND1,NP_031657.1
CCND2,XP_036021678.1
CCNE1,NP_031659.2
CCNG2,NP_031661.3
CCR2,XP_036010478.1
CCR9,NP_001160097.1
CD19,NP_001344020.1
CD1D1,NP_001366431.1
CD34,NP_598415.1
CD36,XP_030109948.1
CD38,NP_031672.2
CD3D,XP_006510028.1
CD3E,XP_006510029.1
CD4,NP_038516.1
CD40,NP_035741.2
CD44,NP_001034240.1
CD52,NP_038734.1
CD55,XP_030102097.1
CD5L,NP_033820.2
CD72,NP_001103792.1
CD79A,NP_031681.2
CD8A,NP_001074579.1
CDC25A,NP_001397314.1
CDC73,NP_666103.1
CDCA7,NP_080142.1
CDH1,NP_033994.1
CDH11,NP_033996.4
CDH15,NP_031688.2
CDH17,XP_006537646.1
CDH5,NP_033998.2
CDK1,NP_031685.2
CDK2,NP_058036.1
CDK4,NP_034000.1
CDK5,XP_006535689.1
CDK5R2,NP_034002.2
CDK6,NP_034003.1
CDK9,NP_570930.1
CDKN1B,NP_034005.2
CDKN1C,NP_001399168.1
CDKN2A,NP_001035744.1
CDKN2B,NP_031696.1
CDKN2C,NP_031697.1
CDKN2D,NP_001396593.1
CDON,NP_067314.2
CDX2,NP_031699.2
CDX4,NP_031700.1
CEBPA,NP_001274443.1
CEBPB,NP_034013.1
CEBPG,NP_034014.1
CELSR3,NP_001346501.1
CEND1,NP_067291.1
CER1,NP_034017.1
CES1D,NP_444430.2
CES2C,NP_663578.1
CETN2,NP_062278.2
CFDP1,NP_001355267.1
CFLAR,XP_030100848.1
CFTR,NP_066388.1
CGA,XP_006537649.1
CH25H,NP_034020.1
CHD4,NP_001390521.1
CHD7,NP_001264078.1
CHEK1,NP_001397136.1
CHEK2,XP_006535134.3
CHRNA7,NP_031416.3
CHST11,NP_067414.2
CIDEC,NP_001359193.1
CIRBP,NP_001366352.1
CISH,NP_034025.1
CITED2,XP_036011557.1
CKAP2,NP_001004140.2
CKM,NP_031736.1
CKS1B,NP_058600.1
CLCNKB,XP_006539130.1
CLDN11,NP_032796.1
CLDN19,NP_001033679.1
CLDN2,XP_006528549.1
CLDN3,NP_034032.1
CLDN4,NP_034033.1
CLNK,XP_011239036.1
CLOCK,XP_017176140.1
CNOT3,XP_036008812.1
CNOT7,XP_036009724.1
CNR1,NP_001341950.1
COL10A1,NP_034055.1
COL11A1,NP_031755.2
COL1A2,NP_031769.2
COL3A1,NP_034060.2
COL4A1,NP_034061.2
COL4A2,NP_034062.3
COL5A1,NP_056549.2
COL5A2,NP_031763.2
COL5A3,NP_001304317.1
COMP,NP_057894.2
COPS5,NP_001264030.1
CORO1A,NP_001399176.1
COX2,NP_904331.1
COX4I1,NP_034071.2
COX6A1,NP_031774.2
CR2,NP_031784.1
CRABP1,NP_038524.1
CRABP2,NP_031785.1
CREB1,NP_034082.1
CREB3,NP_038525.2
CREB3L1,NP_036087.2
CREB3L3,NP_001369747.1
CREB3L4,XP_006502373.5
CREBZF,NP_660133.2
CRH,NP_991338.1
CRP,NP_031794.3
CRTC1,NP_001391350.1
CRTC2,NP_083157.1
CRX,NP_001106801.1
CRY1,NP_031797.1
CRY2,XP_017170770.1
CRYAB,XP_030099896.1
CRYGD,NP_031802.2
CSF1,NP_001107001.1
CSF3R,NP_031808.2
CSL,NP_082221.2
CSN1S1,NP_031810.1
CSN2,NP_001272953.1
CSRP1,NP_001347711.1
CSRP2,NP_031818.3
CSRP3,NP_001185770.1
CTCF,XP_006530709.1
CTCFL,NP_001074856.1
CTF1,NP_001399217.1
CTLA4,NP_033973.2
CTNNB1,NP_001159374.1
CTR9,NP_033457.2
CTSE,NP_031825.2
CTSK,NP_031828.2
CUX1,NP_941004.2
CUX2,NP_001402709.1
CX3CR1,NP_034117.3
CXCL1,NP_032202.1
CXCL10,NP_067249.1
CXCL12,NP_038683.1
CXCL13,NP_061354.1
CXCL15,NP_035469.1
CXCL2,NP_033166.1
CXCL5,NP_033167.2
CXCL9,NP_032625.2
CXCR2,XP_006495701.1
CXCR4,NP_001343438.1
CXCR5,NP_031577.2
CYP11A1,NP_062753.3
CYP17A1,NP_031835.3
CYP19A1,NP_001335101.1
CYP1A1,NP_001129531.1
CYP1A2,NP_034123.1
CYP24A1,NP_034126.1
CYP26A1,NP_031837.2
CYP26B1,XP_030111198.1
CYP27A1,NP_077226.2
CYP2A4,NP_034127.2
CYP2A5,NP_031838.2
CYP2B10,NP_034129.1
CYP2B9,NP_034130.1
CYP2C29,NP_031841.3
CYP2E1,NP_067257.1
CYP3A11,NP_031844.1
CYP3A41A,NP_059092.2
CYP4A12A,NP_803125.2
CYP4A12B,NP_758510.2
CYP7A1,NP_031850.2
CYP7B1,NP_031851.3
CYP8B1,NP_034142.3
D7ERTD443E,XP_011240205.1
DACH2,XP_030107383.1
DBH,NP_620392.2
DBI,NP_031856.1
DBP,NP_058670.2
DCK,NP_031858.1
DCST1,NP_084250.1
DCST2,XP_011238650.1
DCTN2,NP_001177383.1
DCTN6,NP_035852.1
DCX,NP_001396939.1
DDB2,NP_001349634.1
DDIT3,XP_030100727.1
DDIT4,NP_083359.1
DDR2,XP_036018652.1
DDX54,NP_082317.1
DEAF1,XP_006536269.1
DEFB2,NP_034160.1
DES,NP_034173.1
DIDO1,XP_006500671.1
DKK1,NP_034181.2
DKK3,NP_001347186.1
DLC1,NP_001181869.1
DLL3,NP_031892.2
DLL4,NP_062327.2
DLX1,NP_001403914.1
DLX2,NP_034184.1
DLX5,NP_034186.2
DLX6,NP_034187.1
DMAP1,NP_075667.1
DMBX1,XP_017175446.1
DMD,XP_006527831.1
DMP1,NP_001345942.1
DMRT1,NP_056641.2
DMRT2,NP_665830.1
DMRT3,NP_796334.2
DMRTA1,NP_783578.1
DMTF1,NP_001412455.1
DNAJC2,NP_033610.1
DNASE2A,NP_034192.1
DNM1,XP_006497717.2
DNMT1,NP_034196.5
DNMT3B,XP_006498745.1
DNMT3L,NP_001075164.1
DNTT,NP_033371.2
DOT1L,NP_955354.1
DPAGT1,XP_006510054.1
DPP6,NP_034205.1
DR1,NP_080382.2
DRD2,NP_034207.2
DSPP,NP_034210.2
DTX1,NP_001404403.1
DUOX2,NP_001349684.1
DUSP2,NP_034220.2
DUSP4,NP_795907.1
DUSP6,NP_080544.1
E2F1,NP_031917.1
E2F2,NP_808401.1
E2F4,NP_683754.1
E2F5,NP_031918.2
E2F8,NP_001347741.1
EBF3,XP_030097955.1
EBNA1BP2,NP_081208.1
ECE1,NP_001356106.1
ECM1,NP_001396875.1
EDEM1,NP_619618.1
EED,NP_068676.1
EFNA1,NP_034237.3
EFNB2,NP_001355228.1
EGF,XP_006501053.1
EGR2,XP_030100730.1
EGR4,NP_065621.1
EHF,XP_006498758.1
EHMT1,XP_036018609.1
EI24,NP_001186423.2
EIF4E,XP_006501056.1
EIF4G3,XP_006538839.1
ELANE,NP_056594.2
ELF2,XP_036019181.1
ELF3,NP_031947.1
ELF4,NP_001368805.1
ELF5,NP_034255.2
ELK1,NP_031948.4
ELK3,NP_001269896.1
ELL3,NP_666085.2
ELN,XP_011239157.1
ELOVL3,NP_031729.1
ELOVL5,XP_030100414.1
EMSY,XP_011240038.1
EMX2,NP_034262.2
EN1,NP_034263.2
EN2,NP_034264.1
ENO1,NP_001366056.1
ENO2,NP_001396619.1
ENPP1,NP_032839.3
ENTPD1,NP_001291650.1
EOMES,NP_034266.2
EPB42,NP_038541.1
EPHA2,NP_034269.2
EPHA4,NP_031962.2
EPHA5,NP_001389686.1
EPHA7,XP_006537670.1
EPHB2,XP_030109051.1
EPO,NP_001299804.1
EPOR,NP_034279.3
ERAS,NP_853526.1
ERF,NP_034285.3
ESR1,XP_006512496.1
ESRRG,XP_030110282.1
ETS1,NP_001359463.1
ETV2,XP_006539605.1
ETV3,NP_001076787.1
ETV6,NP_031987.3
EWSR1,NP_001269991.1
EYA1,XP_017170870.1
EYA2,NP_034295.1
EZH2,XP_036021720.1
F11,NP_082342.1
F3,NP_034301.3
F7,NP_034302.2
FABP1,NP_059095.1
FABP4,NP_001396443.1
FABP7,NP_067247.1
FAS,NP_032013.2
FASL,NP_034307.1
FBXW7,NP_001171244.1
FCER1A,XP_006496718.1
FCER1G,NP_034315.1
FCER2A,NP_001240676.1
FCGR1,NP_034316.1
FCGR2B,NP_001405937.1
FCGR3,NP_001343440.1
FES,NP_034324.2
FGF15,NP_032029.1
FGF16,NP_085117.2
FGF2,XP_006535462.1
FGF20,NP_085113.2
FGF21,NP_064397.1
FGF23,XP_036008152.1
FGF3,NP_032033.2
FGF4,NP_034332.2
FGF7,NP_032034.1
FGF8,NP_001159834.1
FGFBP1,NP_001408505.1
FGFR2,NP_001334567.1
FHL2,NP_001399527.1
FKBP8,NP_001104536.1
FLI1,NP_001397180.1
FLT1,NP_034358.2
FLT3,NP_034359.2
FMO3,NP_032056.1
FMR1,NP_032057.2
FN1,NP_001263342.1
FOLR1,NP_001399365.1
FOSB,NP_032062.1
FOSL2,NP_032063.2
FOXA2,NP_001277994.1
FOXA3,NP_032286.1
FOXC2,NP_038547.2
FOXD3,NP_034555.3
FOXE1,NP_899121.1
FOXE3,NP_056573.1
FOXF1,NP_034556.2
FOXJ3,NP_001344106.1
FOXL1,NP_032050.2
FOXL2,NP_036150.1
FOXM1,NP_032047.4
FOXN4,XP_006530184.1
FOXO1,NP_062713.2
FOXO3,NP_001363896.1
FOXO4,NP_061259.1
FOXP1,NP_001184250.1
FOXP2,XP_036021645.1
FOXP3,NP_473380.1
FRZB,NP_035486.1
FSHB,NP_032071.1
FURIN,NP_001074923.1
FUS,NP_631888.1
FXN,NP_032070.1
FXYD1,XP_011248951.1
FXYD2,NP_439888.1
FXYD5,NP_001403938.1
G6PC2,NP_067306.1
GABPB1,NP_001393143.1
GABRB3,NP_001033790.1
GABRE,XP_011245825.1
GAD1,NP_001407029.1
GADD45A,NP_031862.1
GADD45B,NP_032681.1
GAL3ST1,XP_036012743.1
GAS2,XP_036008574.1
GATA1,NP_001397533.1
GATA2,NP_001342182.1
GATA3,NP_001342039.1
GATA5,NP_032119.2
GBP2,NP_034390.1
GBX2,NP_034392.1
GCFC2,NP_808552.2
GCG,NP_032126.1
GCK,NP_034422.2
GCLC,NP_034425.1
GCLM,NP_032155.1
GCM1,NP_032129.2
GDF15,NP_001317616.1
GDF5,NP_032135.2
GFI1,NP_001254550.1
GFI1B,NP_032140.1
GINS3,NP_084474.1
GJA1,XP_036011510.1
GJA4,NP_032146.1
GJA5,NP_001258557.1
GJD2,NP_001405278.1
GLB1,NP_033882.1
GLI1,NP_034426.2
GLI2,NP_001074594.1
GLIPR1,NP_082884.1
GLIS3,NP_780668.3
GLS2,NP_001028436.2
GLUL,NP_032157.2
GNRHR,NP_034453.1
GPAM,XP_036017329.1
GPC4,NP_032176.2
GPR143,NP_035081.3
GREM1,NP_035954.1
GREM2,NP_001408412.1
GRIA2,NP_001344853.2
GRIK2,NP_001345795.2
GRIN1,NP_001171128.1
GRIN2B,NP_032197.3
GRIP1,XP_006514301.1
GRM2,NP_001153825.1
GSTA1,NP_032207.3
GSTA2,NP_032208.2
GSTK1,NP_083831.1
GSTM2,NP_032209.1
GSX2,NP_573555.1
GTF2A2,NP_001269013.1
GTF2B,NP_663521.1
GTF2H1,NP_001347004.1
GTF2I,XP_030110023.1
GTF2IRD1,XP_017176536.1
GUCA2A,NP_032216.1
GYPA,NP_034499.3
GYS2,NP_001398553.1
GZF1,NP_001342618.1
HADH,NP_032238.2
HAMP,NP_115930.1
HAND2,NP_034532.3
HBB-BH1,NP_032245.1
HBB-BS,NP_001188320.1
HBB-Y,NP_032247.1
HCFC1,NP_032250.2
HCN4,NP_001074661.1
HCRTR2,NP_945200.1
HDAC1,NP_032254.1
HDAC11,NP_659168.1
HDAC2,NP_032255.2
HDAC4,XP_030108410.1
HDGF,NP_032257.3
HECA,NP_001028604.1
HELT,NP_776150.2
HEPH,NP_034547.2
HERPUD1,NP_071726.1
HES5,XP_006538625.3
HES6,NP_001347828.1
HEY1,NP_034553.2
HEY2,NP_038932.1
HEYL,NP_038933.2
HGF,NP_034557.3
HHEX,NP_032271.1
HINFP,XP_006509960.1
HIPK2,NP_001281073.1
HIVEP2,NP_001345712.1
HLTF,NP_001342026.1
HLX,NP_032276.1
HMBS,NP_038579.2
HMGA2,NP_034571.1
HMGB2,NP_001350372.1
HMGCL,NP_032280.2
HMGCS2,NP_032282.2
HMGN3,NP_080398.1
HMGXB4,NP_821136.1
HMOX1,NP_034572.1
HNF1A,NP_033353.2
HNF4A,XP_006498851.1
HNRNPA2B1,XP_030111360.1
HNRNPD,NP_001070735.1
HOXA1,NP_034579.3
HOXA10,NP_001116422.1
HOXA11,NP_034580.1
HOXA2,NP_034581.1
HOXA3,XP_017176891.1
HOXA4,NP_032291.1
HOXA5,NP_034583.1
HOXA7,NP_001406199.1
HOXA9,NP_001406308.1
HOXD1,NP_034597.2
HOXD11,NP_032299.1
HOXD13,NP_032301.2
HOXD3,NP_034598.2
HOXD4,NP_034599.2
HRAS,NP_001123915.1
HRC,NP_034603.2
HRK,NP_031571.1
HSD11B2,NP_032315.2
HSD3B1,XP_006501099.1
HSD3B4,XP_017174957.1
HSD3B6,NP_038849.2
HSF4,NP_036069.1
HSPA5,NP_071705.3
HSPB1,NP_038588.2
HTATIP2,XP_006541052.1
HTR2C,NP_032338.3
IBSP,NP_032344.2
ICAM1,NP_034623.1
ICOS,NP_059508.2
ID1,NP_001342042.1
ID3,NP_032347.1
IDE,XP_036017339.1
IDH1,NP_034627.3
IDS,NP_001388858.1
IFI202B,NP_036070.2
IFI204,XP_006496738.1
IFIH1,NP_001157949.1
IFITM5,NP_444318.1
IFNA1,NP_034632.2
IFNA4,NP_034634.1
IFNB1,NP_034640.1
IFNE,NP_796322.1
IFNG,NP_032363.1
IFNGR1,NP_034641.1
IFNL3,XP_006540193.1
IGF1,NP_001104745.1
IGF1R,XP_006540704.1
IGF2,NP_034644.2
IGFBP1,NP_032367.3
IGFBP2,NP_032368.2
IGFBP3,XP_011241967.1
IGFBP5,NP_034648.2
IHH,NP_034674.2
IKBKB,NP_001153246.1
IKZF1,NP_001391419.1
IKZF2,XP_006496024.1
IL10,NP_034678.1
IL11,NP_032376.1
IL12A,NP_001152896.2
IL12RB2,XP_006505680.1
IL15,XP_006530777.1
IL17A,NP_034682.1
IL17F,NP_665855.2
IL18R1,XP_006495790.1
IL1A,NP_034684.2
IL1B,NP_032387.1
IL1RL1,NP_001407279.1
IL1RN,NP_112444.1
IL2,NP_032392.1
IL21,NP_068554.1
IL22,XP_006513928.1
IL23A,NP_112542.1
IL23R,NP_653131.3
IL24,NP_444325.3
IL27,NP_663611.1
IL2RA,NP_032393.3
IL31,NP_083870.1
IL33,NP_001347654.1
IL5RA,XP_017176895.1
IL6,NP_112445.1
IL6RA,NP_001297605.1
IL7,NP_032397.1
ILF2,NP_080650.1
ILF3,XP_011240705.1
ILK,NP_034692.2
ING1,NP_036049.2
ING4,NP_001355624.1
INHA,NP_034694.3
INPP5D,XP_006529212.1
INS1,NP_032412.3
INS2,NP_001172012.1
INSIG1,NP_705746.1
INSL3,NP_038592.3
INSM1,NP_058585.2
INSR,XP_006508764.1
IRAK1,NP_001171447.1
IRAK2,NP_751893.3
IRF2,XP_011240477.1
IRF3,XP_006541058.1
IRF5,XP_006505158.1
IRF6,NP_058547.2
IRF7,XP_006536277.1
IRF8,NP_032346.1
IRS1,NP_034700.2
IRX3,NP_001240751.1
IRX5,NP_061296.1
ITCH,NP_032421.2
ITGA4,NP_034706.3
ITGA6,NP_001264899.1
ITGA7,XP_030100775.1
ITGAM,NP_001076429.1
ITGB6,NP_067334.1
ITM2A,NP_032435.2
ITPR1,XP_006505686.1
IVL,XP_006501109.1
JAG1,NP_038850.1
JAK1,NP_038595.1
JAK2,NP_001041642.1
JAK3,NP_001177759.1
JAZF1,NP_775582.2
JMJD1C,XP_006513098.1
JUN,NP_034721.1
JUNB,NP_032442.1
JUND,NP_034722.1
KCNA5,NP_666095.1
KCNB1,XP_017171221.1
KCND2,NP_062671.1
KCNIP2,NP_663750.1
KCNIP3,NP_001277934.1
KCNJ3,XP_030103612.1
KCNN3,NP_536714.2
KCNN4,NP_001399535.1
KCNV2,NP_899002.1
KCTD13,NP_766335.1
KDM5A,NP_666109.2
KDM5C,NP_001390000.1
KDR,NP_001390070.1
KEAP1,NP_001103775.1
KHDRBS1,NP_035447.3
KIF12,XP_017175487.1
KIF17,NP_034753.1
KIF26B,NP_001155137.1
KISS1,XP_006529744.1
KIT,NP_001116205.1
KITL,XP_006513377.1
KLF1,NP_034765.3
KLF13,NP_067341.2
KLF15,XP_011239727.1
KLF16,NP_510962.2
KLF2,NP_032478.2
KLF3,XP_006503814.1
KLF4,NP_034767.2
KLF7,XP_030099629.1
KLF8,XP_006528915.1
KLF9,NP_034768.2
KLKB1,NP_032481.2
KLRB1C,NP_032553.3
KRAS,NP_001390175.1
L1CAM,NP_001361623.1
LAMA4,NP_034811.2
LBX1,NP_034821.2
LBX2,NP_034822.1
LCN2,NP_032517.1
LCN5,XP_006497729.1
LCT,NP_001074547.1
LDB1,XP_006526786.3
LDB2,XP_036020723.1
LDHA,NP_001129541.2
LDHB,NP_001303251.1
LDHD,NP_081846.3
LEF1,NP_001365988.1
LEFTY1,NP_034224.1
LEP,NP_032519.1
LFNG,NP_032520.1
LGALS4,NP_034836.1
LHB,NP_032523.2
LHX2,NP_001407283.1
LHX3,NP_034841.2
LHX4,NP_034842.2
LHX6,NP_001076594.1
LHX9,NP_001036042.1
LIF,NP_001399264.1
LIN28A,NP_665832.1
LIN9,NP_001096652.3
LIPC,NP_001311401.1
LIPE,XP_006539633.2
LMNA,NP_001002011.2
LMO2,NP_001135807.1
LMO3,XP_036021636.1
LMO4,NP_001155241.1
LMX1A,XP_017177173.1
LMX1B,NP_034855.3
LPAR2,NP_064412.2
LPL,NP_032535.2
LRP1,NP_032538.2
LRRC10,NP_666354.1
LSS,NP_666118.1
LTBR,NP_034866.1
LTF,NP_032548.2
LXN,NP_058033.2
LYL1,NP_032561.2
MAB21L1,NP_034880.1
MAB21L2,NP_035969.2
MAD2L1,NP_001342553.1
MADCAM1,NP_038619.2
MAF,NP_001020748.2
MAFB,NP_034788.1
MAFK,XP_006504716.1
MAOA,NP_776101.3
MAP1A,NP_115769.1
MAP1LC3B,NP_001351287.1
MAP2,XP_036018500.1
MAP3K5,NP_032606.4
MAP3K7,NP_033342.1
MAP4,XP_036010539.1
MAPK3,NP_036082.1
MAPK8IP1,NP_035292.2
MAST1,XP_006531280.1
MATN1,NP_034899.2
MAVS,NP_659137.1
MAZ,NP_001359450.1
MBD3,NP_001293072.1
MCL1,XP_036018808.1
MCM2,NP_032590.2
MCM3,NP_032589.1
MCM5,NP_032592.2
MCM6,NP_032593.1
MCM7,NP_032594.1
MCM8,NP_001277983.1
MCTS1,XP_036017981.1
MDK,NP_001278412.1
MDM2,NP_034916.1
MDM4,NP_032601.2
ME1,NP_032641.2
MECOM,NP_001357698.1
MECP2,NP_001075448.1
MED23,XP_036011884.1
MED8,XP_006503554.1
MEF2A,NP_001278120.1
MEF2D,XP_017174961.1
MEIS2,XP_030104081.1
MEPE,NP_444402.2
MERTK,NP_032613.1
MESP1,NP_032614.2
MESP2,NP_032615.2
MET,NP_032617.2
MFN2,NP_573464.2
MGA,XP_017174451.1
MGAM,NP_001355804.1
MGARP,NP_080634.2
MGMT,NP_001399629.1
MGP,NP_032623.1
MGST1,NP_001334418.1
MIA,NP_062267.2
MIF,NP_034928.1
MIP,NP_032626.2
MITF,NP_001106669.1
MIXL1,NP_038757.1
MLLT3,NP_081602.3
MLXIPL,XP_006504540.1
MME,NP_001344264.1
MMP10,NP_062344.1
MMP12,NP_032631.3
MMP13,NP_032633.1
MMP15,NP_032635.1
MMP19,NP_067387.1
MMP1A,NP_114395.1
MMP2,XP_006530814.1
MMP3,NP_034939.2
MMP7,NP_034940.3
MMP9,NP_038627.1
MNX1,NP_064328.2
MOBP,NP_032640.1
MORF4L1,NP_077751.1
MPL,NP_001272425.1
MPZ,NP_001302429.1
MRC1,NP_032651.2
MRGBP,NP_082755.1
MSC,NP_034957.1
MSI1,NP_032655.1
MSR1,XP_006509374.1
MSTN,NP_034964.1
MSX1,NP_034965.2
MT1,XP_006530815.1
MTF1,NP_032662.3
MTF2,NP_038855.2
MTOR,NP_064393.2
MTTP,NP_001156929.1
MUC1,NP_038633.1
MUC2,NP_076055.4
MUC5AC,XP_006508562.1
MVK,XP_006530246.1
MXD1,NP_001397005.1
MXI1,NP_001008542.2
MYB,NP_034978.3
MYBL1,XP_006495524.1
MYBL2,XP_006498936.1
MYD88,NP_034981.1
MYEF2,XP_030104088.1
MYF5,XP_006513382.1
MYF6,NP_032683.1
MYH7B,NP_001078847.1
MYL1,XP_036018509.1
MYL2,NP_034991.3
MYL6,NP_034990.1
MYL9,NP_742116.1
MYLK3,XP_006530888.1
MYO6,NP_001395181.1
MYOD1,NP_034996.2
MYOG,NP_112466.1
MYOM2,NP_001401117.1
MYOM3,NP_001078978.1
MYOZ2,NP_067478.1
MZF1,XP_006539529.1
NAB1,NP_001407276.1
NAB2,NP_001116367.1
NACC1,XP_036010137.1
NANOG,NP_082292.1
NANOS3,XP_036009928.1
NAPEPLD,NP_001346893.1
NAT2,XP_006509655.1
NCAM1,NP_001074914.1
NCF1,NP_035006.3
NCK2,XP_030107914.1
NCMAP,NP_001230235.1
NCOA2,XP_030107955.1
NCOA3,NP_032705.2
NCOA5,NP_659141.1
NCOA6,NP_001229487.1
NCOR2,NP_001240834.1
NDN,NP_035012.2
NDOR1,XP_006498518.1
NDP,NP_035013.1
NECTIN1,NP_067399.2
NECTIN2,NP_033016.3
NECTIN4,NP_082169.2
NELFCD,NP_065605.3
NEPN,XP_006512882.1
NES,NP_057910.3
NEUROD1,NP_035024.1
NEUROD4,NP_001316419.1
NEUROD6,NP_033847.1
NEUROG2,XP_030108254.1
NEUROG3,NP_033849.3
NFAT5,NP_001273189.1
NFATC2,XP_036015206.1
NFATC2IP,NP_001399641.1
NFATC3,NP_001355726.1
NFE2L2,NP_035032.1
NFE2L3,NP_035033.1
NFIA,XP_006502904.1
NFIB,NP_001273060.1
NFIC,XP_030100800.1
NFIX,XP_036009691.1
NFKB1,NP_032715.2
NFKB2,NP_001170841.1
NFKBIB,NP_035038.2
NFYB,NP_035044.1
NFYC,NP_001408222.1
NGF,XP_006501171.1
NHLH1,NP_035046.1
NHLH2,NP_848892.1
NKX2-2,XP_036015222.1
NKX2-3,NP_032725.1
NKX3-2,NP_031550.2
NKX6-1,NP_659204.1
NLRP12,XP_006540194.1
NLRP2,NP_808358.2
NMNAT2,NP_780669.1
NNAT,XP_036015262.1
NOCT,NP_033964.1
NODAL,NP_038639.2
NOL3,NP_084428.1
NONO,NP_001413149.1
NOP56,NP_077155.2
NOS1,NP_032738.1
NOS3,NP_032739.3
NOSTRIN,NP_853525.3
NOTCH1,NP_032740.3
NOTCH2,NP_035058.2
NOX1,XP_006528578.1
NOX4,XP_006508075.1
NPAS1,NP_001403956.1
NPAS2,NP_032745.2
NPAT,NP_001074621.1
NPHS1,XP_036009153.1
NPHS2,NP_569723.1
NPPA,NP_032751.1
NPPB,NP_032752.1
NPR1,NP_032753.5
NPSR1,XP_017168906.1
NQO1,XP_036009703.1
NR0B1,NP_031456.1
NR0B2,NP_035980.1
NR1H2,NP_001272447.1
NR1H3,NP_038867.2
NR1H4,NP_001372640.1
NR1I3,NP_033933.2
NR2C1,NP_035759.3
NR2C2,NP_001334271.1
NR2E1,NP_689415.1
NR2E3,XP_006511212.1
NR2F2,NP_899084.2
NR2F6,NP_034280.2
NR3C2,NP_001077375.1
NR4A2,XP_036015279.1
NR4A3,XP_030109168.1
NR5A1,NP_620639.1
NR5A2,XP_006529684.1
NRARP,NP_080256.2
NRF1,NP_001348622.1
NRGN,NP_071312.1
NRP1,NP_032763.2
NRP2,NP_001070871.1
NT5E,NP_035981.1
NTRK1,XP_006501187.1
NUDT1,NP_001343514.1
NUPR1,NP_062712.1
OAS1G,NP_035982.2
ODF2,XP_017171768.1
OFD1,NP_001410376.1
OGG1,NP_035087.3
OMP,NP_035140.1
ONECUT1,NP_032288.1
ONECUT3,NP_631972.2
OPN1SW,NP_031564.1
OPRD1,NP_038650.3
OPRK1,NP_001305664.1
OPRM1,NP_001289724.1
OSCAR,NP_001277306.1
OSM,NP_001013383.1
OSTM1,NP_766004.1
OVOL2,NP_081200.2
OXT,NP_035155.1
P2RY10,NP_001344739.1
PAG1,XP_030108786.1
PAGR1A,NP_084516.1
PANX3,NP_766042.2
PAPPA,NP_067337.1
PAQR7,XP_036020344.1
PARP1,NP_031441.2
PAX1,XP_006498974.1
PAX2,NP_001355673.1
PAX3,NP_001152992.1
PAX4,NP_001153398.1
PAX5,NP_032808.1
PAX6,NP_001231127.1
PAX7,XP_006538694.1
PAX8,NP_035170.1
PAXIP1,NP_061366.2
PBX1,XP_006496763.1
PBX4,NP_001020125.1
PCK1,NP_035174.1
PCNA,NP_035175.1
PCP2,NP_001123275.1
PCSK2,NP_032818.1
PCSK9,NP_705793.1
PDCD1,NP_032824.1
PDCD1LG2,NP_067371.1
PDE3B,NP_035185.2
PDE4C,XP_011240550.1
PDE6B,NP_032832.2
PDGFA,NP_001409068.1
PDGFRA,NP_001076785.1
PDHX,NP_780303.1
PDK1,XP_011237746.1
PDK4,NP_038771.1
PDPN,NP_001277751.1
PDX1,NP_032840.1
PDYN,NP_061351.2
PDZK1IP1,NP_001158029.1
PEA15A,NP_001316800.1
PEG3,XP_017177519.1
PENK,NP_001335138.1
PER2,NP_001407810.1
PERP,NP_071315.1
PEX11A,NP_035198.1
PF4,NP_064316.1
PFKFB3,NP_001171229.1
PGLYRP1,NP_033428.1
PGR,NP_032855.2
PHEX,NP_035207.1
PHGDH,NP_058662.2
PHLPP1,NP_598582.3
PHOX2A,NP_032913.1
PHOX2B,NP_032914.1
PIAS1,NP_062637.2
PIAS3,NP_001159421.1
PIAS4,NP_067476.2
PIGR,NP_035212.2
PIK3CA,NP_032865.2
PIRB,XP_006539698.1
PITX2,NP_035228.2
PITX3,XP_006526827.1
PKHD1,NP_694819.2
PKLR,XP_006501198.1
PKP3,NP_001156396.1
PLA2G4A,NP_032895.1
PLAG1,XP_036020164.1
PLAGL1,NP_001351573.1
PLAGL2,NP_061277.2
PLAUR,NP_035243.1
PLCG2,NP_758489.1
PLIN1,NP_783571.2
PLIN2,XP_011248209.1
PLK3,NP_001300845.1
PLK4,NP_035625.2
PLOD1,NP_035252.1
PLPPR4,NP_808332.3
PLTP,NP_001407621.1
PMEL,XP_036011605.1
PML,XP_006510924.1
PMP2,NP_001025476.1
POLA1,NP_032918.1
POSTN,NP_001355607.1
POU2AF1,NP_035266.1
POU2F1,NP_945150.2
POU2F2,NP_001157026.1
POU2F3,NP_035269.2
POU3F1,NP_035271.1
POU3F2,NP_032925.1
POU3F3,NP_032926.2
POU3F4,NP_032927.1
POU4F2,NP_620394.2
PPARG,XP_006505801.1
PPARGC1A,XP_036020787.1
PPIG,NP_001394397.1
PPP1R13L,XP_030098560.1
PPP1R14A,NP_081007.2
PPP1R3B,XP_017168286.1
PRDM1,NP_001392859.1
PRDM13,NP_001074240.1
PRDM16,NP_001277955.1
PRDM5,XP_006506667.1
PRDM8,NP_084223.2
PRDX1,NP_035164.1
PRDX2,NP_035693.3
PRDX3,NP_031478.1
PRDX6,NP_031479.1
PRF1,NP_035203.3
PRG2,XP_036015513.1
PRKRA,NP_001408128.1
PRMT1,NP_001239406.1
PRND,NP_075530.1
PRNP,NP_035300.1
PROM1,NP_001157056.1
PROX1,NP_001347756.1
PRRX1,NP_035257.1
PRRX2,XP_006497869.1
PRTN3,NP_035308.2
PSAP,NP_035309.3
PSRC1,NP_001177090.1
PTAFR,NP_001074680.1
PTEN,NP_032986.1
PTF1A,NP_061279.2
PTGDS,NP_032989.2
PTGES,NP_071860.1
PTGES2,NP_598544.2
PTGS1,XP_006497853.1
PTGS2,NP_035328.2
PTH,XP_017177534.1
PTHLH,NP_032996.2
PTMA,NP_032998.1
PTPN1,NP_035331.3
PTPN4,XP_006529318.1
PTPN6,NP_001071173.1
PTPRC,NP_001407709.1
PTPRO,XP_036021846.1
PTPRU,XP_006538737.1
PTPRZ1,XP_006505075.1
PTTG1IP,NP_666037.1
PTX3,NP_033013.3
PVR,NP_081790.1
PWP1,NP_598754.2
PXMP4,NP_001405141.1
PYGO2,NP_001280697.1
RAC1,NP_033033.1
RAD51,NP_035364.1
RAF1,NP_001343263.1
RAG1,NP_033045.2
RAG2,XP_017172095.1
RAN,NP_001408127.1
RAP1B,NP_077777.1
RAP2B,NP_082988.1
RAPSN,NP_033049.2
RARRES2,NP_001334097.1
RASL12,NP_001156395.1
RB1CC1,XP_036012136.1
RBL1,NP_035379.2
RBL2,NP_035380.3
RBMX,XP_036017757.1
RBP4,NP_001152959.1
RBPJ,NP_001074397.1
RBPJL,NP_033062.1
RC3H1,NP_001020123.1
RCHY1,NP_001258726.1
RECK,NP_057887.2
REG3B,NP_035166.1
REG3G,NP_035390.1
RELB,NP_001277386.1
RELN,NP_001297393.1
REN1,NP_112469.1
RERE,XP_030109601.1
REST,NP_035393.2
RET,NP_033076.2
RETN,NP_075360.1
RETSAT,NP_080435.3
RFX1,XP_036009732.1
RFX3,XP_017173576.1
RFX4,NP_001020089.1
RFX5,NP_001342634.1
RFXANK,NP_001020760.1
RFXAP,NP_573494.1
RGS16,NP_035397.2
RGS4,NP_033088.2
RHO,XP_006505924.1
RHOA,NP_058082.2
RHOX5,NP_032844.2
RIF1,NP_001342343.1
RIPK2,XP_006537740.1
RLBP1,XP_030098106.1
RLF,NP_001333589.1
RLIM,NP_001345134.1
RND3,NP_083086.1
RNF11,NP_038904.1
RNF141,XP_030098781.1
RNF2,NP_001347774.1
ROBO3,XP_011240726.1
RORA,NP_038674.1
RORC,NP_035411.2
RPS6KA1,NP_001272434.1
RS1,XP_030107130.1
RUNX1T1,NP_001104496.1
RUNX3,NP_062706.2
RUVBL2,NP_001404175.1
RXRA,NP_035435.1
S100A9,NP_001268781.1
S1PR1,NP_031927.2
S1PR5,NP_444420.1
SAG,XP_030108187.1
SALL1,NP_067365.2
SALL4,NP_958798.2
SAMD11,XP_030109375.1
SAMD7,XP_017175280.1
SATB2,NP_001345509.1
SCARB1,NP_001411424.1
SCD1,NP_033153.2
SCNN1A,XP_017176960.1
SCNN1G,NP_035456.1
SCT,NP_035458.1
SELE,XP_006496778.1
SELENOW,NP_033182.1
SELL,NP_035476.1
SELP,NP_035477.1
SEMA3C,NP_038685.3
SERPINB2,NP_001167641.1
SERPINB5,NP_001347782.1
SERPINE1,NP_032897.2
SERPINE2,XP_006496522.1
SERPINH1,NP_033955.2
SERTAD1,NP_001405448.1
SESN1,NP_001156380.1
SETD7,NP_542983.3
SETDB1,XP_036019318.1
SFPQ,XP_036020326.1
SFRP1,NP_038862.2
SFRP2,NP_033170.1
SFTPB,NP_680088.1
SGK1,NP_001155317.2
SH2D1A,NP_001300617.1
SH3BP2,NP_001139330.1
SHC1,NP_001106802.1
SHH,NP_033196.1
SHOX2,NP_001289286.1
SHROOM3,NP_056571.2
SIAH1B,NP_033199.1
SIGMAR1,NP_001273467.1
SIM1,XP_006512689.1
SIN3A,NP_001103820.1
SIN3B,NP_033214.2
SIRT1,NP_001153061.1
SIRT6,NP_001365873.1
SIS,NP_001074606.1
SIX5,NP_035513.1
SKI,NP_001344120.1
SKIL,NP_001385489.1
SLA2,NP_084259.1
SLC10A2,NP_035518.1
SLC11A1,XP_036018625.1
SLC12A3,XP_017168114.1
SLC12A5,NP_001342409.1
SLC18A2,NP_766111.1
SLC19A2,NP_473428.1
SLC1A2,NP_001070982.1
SLC20A1,XP_036015794.1
SLC25A20,NP_065266.1
SLC25A4,NP_031476.3
SLC27A1,XP_030099434.1
SLC27A5,NP_033538.2
SLC2A1,NP_035530.2
SLC2A2,NP_112474.2
SLC2A3,XP_036021876.1
SLC39A10,XP_006495995.1
SLC40A1,XP_017177198.1
SLC51B,NP_849264.1
SLC5A1,NP_062784.3
SLC5A2,NP_573517.1
SLC6A6,XP_030111164.1
SLC7A1,NP_031539.3
SLC7A11,XP_006500840.1
SLC7A5,NP_035534.2
SLC9A2,NP_001028461.2
SLCO1B2,XP_017177100.1
SMAD1,NP_032565.2
SMAD3,NP_058049.3
SMAD6,NP_032568.3
SMAD9,XP_036019060.1
SMARCA2,NP_001392063.1
SMARCA4,XP_011240739.1
SMARCA5,NP_444354.2
SMARCC1,NP_033237.2
SMARCD3,XP_006535861.2
SMC3,NP_031816.2
SMTNL1,NP_077192.1
SMURF1,XP_036021480.1
SMYD1,NP_033892.2
SNAI1,NP_035557.1
SND1,XP_006505205.1
SNRPN,NP_001336624.1
SOCS2,XP_017169385.1
SOD3,NP_035565.1
SORBS1,XP_030106687.1
SORT1,XP_006501286.3
SOX14,NP_035570.1
SOX17,NP_001276394.1
SOX18,NP_033262.2
SOX2,NP_035573.3
SOX5,XP_006507005.1
SOX6,XP_036008736.1
SP3,NP_001018052.1
SP5,NP_071880.1
SP9,NP_001396512.1
SPAG6,NP_001001334.2
SPEN,XP_036020160.1
SPHK2,XP_036009169.1
SPI1,NP_001365827.1
SPIB,XP_030098488.1
SPIC,NP_035591.3
SPP1,NP_001191130.1
SPRR2A1,NP_035598.2
SPRY1,NP_036026.1
SRC,XP_030104859.1
SRRM4,NP_001390326.1
SRRT,NP_001103380.1
SRXN1,XP_036018567.1
SRY,NP_035694.1
SSB,NP_001103615.1
ST18,XP_030109821.1
ST3GAL5,NP_001397280.1
ST8SIA1,NP_035504.2
ST8SIA2,NP_001404191.1
STAR,NP_035615.2
STARD5,NP_075866.2
STAT1,NP_001192242.1
STAT2,NP_064347.1
STAT4,XP_006495878.1
STAT6,NP_033310.2
STEAP3,XP_006529908.1
STIM1,NP_001360987.1
STK39,NP_001399474.1
STK40,NP_001139299.1
STMN1,NP_062615.1
STRA8,NP_033318.1
SUFU,NP_056567.2
SULT1A1,NP_598431.2
SULT1E1,NP_075624.2
SUV39H1,NP_035644.1
SYN2,NP_001104485.1
SYP,NP_033331.2
SYT1,NP_001345435.1
TAC2,NP_033338.2
TAF12,XP_036020207.1
TAGLN,NP_035656.1
TAL1,NP_001412715.1
TAL2,NP_033343.1
TANK,NP_035659.1
TARDBP,NP_001008546.1
TBPL1,NP_001408532.1
TBR1,NP_033348.2
TBX15,NP_033349.2
TBX18,NP_076303.3
TBX19,NP_114394.1
TBX20,NP_919239.1
TBX3,NP_035665.2
TBX5,XP_006530342.1
TBX6,NP_035668.2
TCF12,XP_006511061.1
TCF21,NP_035675.1
TCF3,NP_035678.3
TCF7L2,XP_006526923.1
TCFL5,NP_839985.2
TDO2,NP_064295.2
TEAD2,NP_001366201.1
TEAD4,NP_001074448.2
TEC,NP_001106932.1
TEK,NP_038718.2
TESC,NP_067319.2
TET2,XP_006501350.1
TFAM,XP_017169407.1
TFAP2B,XP_006495557.1
TFAP2C,XP_006499166.1
TFAP2D,NP_694794.1
TFB2M,NP_001317983.1
TFCP2L1,NP_076244.2
TFDP1,XP_017168146.1
TFDP2,NP_001395472.1
TFE3,NP_766060.2
TFEC,XP_011239355.1
TGFB1,NP_035707.1
TGFB1I1,XP_036008777.1
TGFB2,NP_033393.2
TGFBR2,NP_083851.3
TH,NP_033403.1
THBD,NP_033404.1
THBS1,NP_035710.2
THRAP3,NP_001343384.1
THRSP,NP_033407.1
THY1,NP_033408.1
TIAL1,NP_001334569.1
TIMP1,NP_001037849.1
TIMP3,NP_035725.1
TINAGL1,NP_075965.2
TJP1,XP_006540849.1
TLE2,XP_017169412.1
TLE3,NP_001077396.1
TLL1,NP_033416.2
TLR13,NP_991389.1
TLR2,XP_030108471.1
TLR3,NP_001344245.1
TLR4,NP_067272.1
TLX1,XP_006526978.1
TLX2,NP_033418.1
TMEM50A,NP_001406138.1
TNC,NP_001356143.1
TNFAIP3,NP_001159874.1
TNFRSF18,NP_033426.1
TNFRSF25,NP_001277939.1
TNFRSF4,XP_006538787.3
TNFSF10,NP_033451.1
TNFSF13B,NP_296371.1
TNFSF15,NP_796345.4
TNP1,NP_033433.1
TNS1,NP_001276824.1
TOLLIP,NP_076253.1
TPH1,XP_036008805.1
TPH2,NP_775567.2
TPR,NP_598541.3
TRF,NP_598738.1
TRH,NP_033452.2
TRIB3,NP_780302.2
TRIM24,NP_659542.3
TRIM28,NP_035718.2
TRIM32,XP_030109625.1
TRIM63,NP_001034137.2
TRP53BP1,XP_036018161.1
TRP53INP1,NP_068697.1
TRP73,XP_006538783.2
TRPM1,NP_001034193.2
TRRAP,XP_006504844.1
TSC1,XP_006498283.1
TSC22D3,NP_001070832.1
TSG101,NP_001404369.1
TSHB,XP_017175024.1
TSHZ3,NP_758502.1
TTF1,XP_036016405.1
TTF2,XP_036019253.1
TUFT1,NP_001280657.1
TWIST2,NP_031881.1
TXLNG,NP_001277705.1
TXNIP,NP_001009935.1
TXNRD1,NP_001035988.1
TYMS,NP_067263.1
TYR,NP_035791.1
TYROBP,NP_035792.1
TYRP1,XP_006537844.1
UBC,NP_062613.3
UBE2H,NP_001163047.1
UBE2K,NP_058066.2
UBTFL1,NP_001347145.1
UCP1,NP_033489.1
UCP2,NP_035801.3
UCP3,NP_033490.1
UGT1A6A,NP_659545.2
UNC5B,NP_001346202.1
UNCX,NP_038730.1
UNG,NP_001035781.1
UPF3B,NP_080849.1
UPP1,NP_033503.2
USF1,XP_030108912.1
USF2,NP_001408738.1
USP17LA,NP_031913.1
USP17LE,XP_011240180.1
USP18,NP_036039.2
UTF1,NP_033508.1
UTRN,NP_035812.3
VAV3,NP_001365916.1
VAX2,NP_036042.1
VCAM1,NP_035823.3
VEGFC,NP_033532.1
VEGFD,NP_034346.1
VHL,NP_033533.1
VIM,NP_035831.2
VIP,NP_035832.1
VNN1,NP_035834.2
VSX1,NP_473409.1
VWF,NP_035838.3
WAP,NP_035839.3
WBP1,NP_001077392.1
WEE1,NP_033542.2
WNT10A,NP_033544.1
WNT11,NP_001272721.1
WNT4,NP_033549.1
WNT7A,NP_033553.2
WNT8B,NP_035850.3
WT1,NP_659032.3
WWP1,NP_796301.2
WWP2,NP_080106.1
WWTR1,NP_001161753.1
XBP1,NP_001258659.1
XIAP,XP_011249278.1
XPC,NP_033557.2
XRCC1,NP_033558.3
XRCC5,XP_006495955.1
YAP1,NP_033560.1
YBX1,XP_030109267.1
ZBTB16,NP_001351472.1
ZBTB17,NP_001365755.1
ZBTB18,NP_001342027.1
ZBTB2,NP_001346740.1
ZBTB32,XP_011248965.1
ZBTB33,NP_001072981.1
ZBTB38,XP_006511252.1
ZBTB7A,NP_034861.3
ZBTB7B,NP_001342140.1
ZEB2,NP_001342220.1
ZFP143,NP_001361547.1
ZFP157,NP_082406.2
ZFP26,NP_001344738.1
ZFP281,NP_001153723.1
ZFP335,NP_950192.2
ZFP36,NP_035886.1
ZFP384,NP_001359349.1
ZFP42,NP_033582.2
ZFP423,XP_030099736.1
ZFP513,XP_006503720.3
ZFP64,NP_001355988.1
ZFP819,XP_017167842.1
ZFPM1,XP_006530914.1
ZFX,XP_006528030.1
ZHX3,NP_796237.2
ZIC1,NP_001363870.1
ZIC3,NP_033601.2
ZIM1,NP_035899.4
ZYX,NP_001402731.1
