Model_nodos,NCBI_Product_accesion,Astyanax_ortologos,Symbol
ABCA1,XP_006537619.1,KAG9260005.1,ABCA1
ABCA1,XP_006537619.1,KAG9281151.1,ABCA1
ABCB11,NP_066302.2,KAG9266695.1,ABCB11
ABCB1A,NP_035206.2,KAG9283635.1,ABCB1
ABCB1B,NP_035205.1,KAG9283635.1,ABCB1
ABCB4,NP_032856.2,KAG9283635.1,ABCB1
ABCC2,NP_038834.2,KAG9260121.1,ABCC2
ABCG2,NP_001342406.1,KAG9269220.1,ABCG2
ABCG2,NP_001342406.1,KAG9275618.1,ABCG2
ABHD14A,XP_006511866.1,KAG9260692.1,ABHD14A
ABL2,NP_033725.2,KAG9270845.1,ABL2
ACACB,NP_001390456.1,KAG9261557.1,ACACB
ACADM,NP_031408.1,KAG9264719.1,ACADM
ACHE,NP_033729.1,KAG9274266.1,ACHE
ACMSD,NP_001028213.1,KAG9271253.1,ACMSD
ACP5,NP_001095874.1,KAG9277353.1,ACP5
ACSBG1,NP_444408.1,KAG9281005.1,ACSBG1
ACSL4,XP_030107239.1,KAG9272539.1,ACSL4
ACSS2,NP_062785.2,KAG9269312.1,ACSS2
ACTA1,NP_033736.1,KAG9262281.1,ACTBA
ACTA1,NP_033736.1,KAG9272000.1,ACTC1
ACTA1,NP_033736.1,KAG9272884.1,ACTC1
ACTA1,NP_033736.1,KAG9279940.1,ACTBB
ACTA2,NP_031418.1,KAG9262281.1,ACTBA
ACTA2,NP_031418.1,KAG9272000.1,ACTC1
ACTA2,NP_031418.1,KAG9272884.1,ACTC1
ACTA2,NP_031418.1,KAG9279940.1,ACTBB
ACTC1,NP_033738.1,KAG9262281.1,ACTBA
ACTC1,NP_033738.1,KAG9272000.1,ACTC1
ACTC1,NP_033738.1,KAG9272884.1,ACTC1
ACTC1,NP_033738.1,KAG9279940.1,ACTBB
ACTG2,NP_033740.2,KAG9262281.1,ACTBA
ACTG2,NP_033740.2,KAG9272000.1,ACTC1
ACTG2,NP_033740.2,KAG9272884.1,ACTC1
ACTG2,NP_033740.2,KAG9279940.1,ACTBB
ADAM12,NP_031426.2,KAG9267464.1,ADAM12
ADAM8,NP_001277995.1,KAG9275447.1,ADAM8
ADCYAP1R1,XP_006505451.1,KAG9277304.1,ADCYAP1R1
ADD1,NP_001318011.1,KAG9266359.1,ADD1
ADD2,NP_038486.2,KAG9262059.1,ADD2
ADIPOR1,NP_082596.2,KAG9260470.1,ADIPOR1
ADIPOR1,NP_082596.2,KAG9270871.1,ADIPOR1
ADORA2A,NP_001318025.1,KAG9266218.1,ADORA2A
ADRA2B,NP_033763.3,KAG9270485.1,ADRA2B
AEBP2,NP_033767.2,KAG9280549.1,AEBP2
AGRP,NP_001258735.1,KAG9260902.1,AGRP
AGT,NP_031454.4,KAG9275581.1,AGT
AICDA,NP_033775.1,KAG9276012.1,AICDA
AIRE,NP_001258484.1,KAG9264757.1,AIRE
AKAP12,NP_112462.1,KAG9283009.1,AKAP12
AKIP1,NP_065641.1,KAG9273137.1,AKIP1
AKR1B7,NP_033861.2,KAG9280149.1,AKR1B1
AKR1B8,NP_032038.1,KAG9280149.1,AKR1B1
ALOX5,NP_033792.1,KAG9275247.1,ALOX5
ALPL,XP_017175413.1,KAG9260765.1,KAG9260765.1
ALX1,NP_001408403.1,KAG9273122.1,ALX1
ALX3,NP_031467.1,KAG9270769.1,ALX3
ALX4,NP_031468.1,KAG9267165.1,ALX4
ANGPT2,NP_031452.2,KAG9274843.1,ANGPT2
ANGPTL2,NP_036053.2,KAG9270287.1,ANGPTL2
ANGPTL2,NP_036053.2,KAG9281924.1,ANGPTL2
ANKRD1,NP_038496.2,KAG9268373.1,ANKRD1
ANPEP,XP_036008613.1,KAG9266984.1,ANPEP
ANPEP,XP_036008613.1,KAG9266986.1,ANPEP
ANPEP,XP_036008613.1,KAG9272063.1,ANPEP
APAF1,XP_036011453.1,KAG9280671.1,APAF1
APBB1,NP_001398887.1,KAG9263534.1,APBB1
ARID3A,NP_001275554.1,KAG9266755.1,ARID3A
ARID3B,NP_001366282.1,KAG9273420.1,ARID3B
ARID3B,NP_001366282.1,KAG9280931.1,ARID3B
ARID5B,NP_076087.2,KAG9267610.1,ARID5B
ARL6IP5,NP_075368.1,KAG9269870.1,ARL6IP5
ART1,XP_036008500.1,KAG9275664.1,AT2
ARX,NP_031518.2,KAG9283403.1,ARX
ASAH1,XP_017168016.1,KAG9259665.1,ASAH1
ASCL1,NP_032579.2,KAG9280174.1,KAG9280174.1
ASH1L,XP_030108328.1,KAG9279390.1,ASH1L
ASXL1,NP_001035028.1,KAG9269706.1,ASXL1
ATF3,NP_031524.2,KAG9282578.1,ATF3
ATF6,XP_011237098.1,KAG9282605.1,ATF6
ATM,NP_031525.3,KAG9278580.1,ATM
ATP11C,NP_001001798.1,KAG9272671.1,ATP11C
ATP1A1,NP_659149.1,KAG9262149.1,ATP1A1
ATP1A1,NP_659149.1,KAG9262153.1,ATP1A1
ATP1A1,NP_659149.1,KAG9271125.1,ATP1A1
ATP1B1,NP_033851.1,KAG9262117.1,ATNB233
ATP1B1,NP_033851.1,KAG9277728.1,ATNB233
ATP2A2,NP_033852.1,KAG9266333.1,ATP2A2
ATP2A2,NP_033852.1,KAG9269997.1,ATP2A2
ATP6V1E1,NP_031536.2,KAG9280568.1,ATP6V1E1
ATP9A,NP_001276375.1,KAG9269119.1,ATP9A
AUTS2,NP_001350409.1,KAG9265383.1,AUTS2
AVP,NP_033862.1,KAG9270647.1,KAG9270647.1
B3GAT1,NP_001297695.1,KAG9272812.1,B3GAT1
B4GALNT1,NP_082015.2,KAG9277207.1,B4GALNT1
BACE1,NP_035922.4,KAG9278558.1,BACE1
BACH2,XP_030108969.1,KAG9282415.1,BACH2
BANP,XP_017168388.1,KAG9281104.1,BANP
BARHL1,NP_001342363.1,KAG9261922.1,BARHL1
BARHL1,NP_001342363.1,KAG9266289.1,BARHL1
BARX2,NP_038828.2,KAG9273358.1,BARX2
BCAT1,NP_031558.3,KAG9264083.1,BCAT1
BCAT1,NP_031558.3,KAG9280165.1,BCAT1
BCL2,NP_033871.2,KAG9273651.1,BCL2
BCL2,NP_033871.2,KAG9283483.1,BCL2
BCL2L11,XP_006498677.1,KAG9275008.1,BCL2L11
BCL3,XP_006539550.1,KAG9276480.1,KAG9276480.1
BCL9L,NP_001408236.1,KAG9273313.1,BCL9L
BCR,NP_001074881.1,KAG9266329.1,BCR
BHLHE23,NP_542372.2,KAG9269537.1,BHLHE23
BHLHE40,NP_035628.1,KAG9260657.1,BHLHE40
BHLHE41,NP_077789.1,KAG9273118.1,BHLHE41
BIRC3,XP_006509892.1,KAG9265614.1,ITA
BLNK,NP_001351983.1,KAG9275510.1,BLNK
BMI1,NP_001403843.1,KAG9278458.1,BMI1B
BMI1,NP_001403843.1,KAG9283273.1,BMI1A
BMP2,NP_031579.2,KAG9268738.1,BMP2
BMP5,NP_031581.2,KAG9275049.1,BMP5
BMP7,NP_031583.2,KAG9269286.1,BMP7
BMPR1B,NP_001341972.1,KAG9263056.1,BMPR1B
BMPR2,NP_031587.1,KAG9277625.1,BMPR2
BNIP3,NP_033890.1,KAG9267448.1,BNIP3
BRINP1,NP_064351.2,KAG9281606.1,BRINP1
BSG,NP_033898.1,KAG9266658.1,BSG
BSX,XP_036010875.1,KAG9263610.1,KAG9263610.1
BTG2,NP_031596.1,KAG9260740.1,BTG1
BTK,NP_038510.2,KAG9272766.1,BTK
BUB3,NP_033904.2,KAG9267513.1,BUB3
CACNA1C,XP_006505506.1,KAG9280144.1,CACNA1C
CAD,NP_001390328.1,KAG9282555.1,CAD
CADM1,NP_001297770.1,KAG9265405.1,CADM1
CALCRL,XP_036018296.1,KAG9277611.1,CALCRLA
CALCRL,XP_036018296.1,KAG9279791.1,CALCRL
CALR,NP_031617.1,KAG9270863.1,CALR
CAPN2,NP_033924.2,KAG9261129.1,CAPN2
CAPN2,NP_033924.2,KAG9274812.1,CAPN2
CAR1,NP_033929.2,KAG9275944.1,CA1
CAR1,NP_033929.2,KAG9278406.1,CAHZ
CAR1,NP_033929.2,KAG9278407.1,CAHZ
CASP12,NP_033938.3,KAG9259534.1,CASPA
CASP12,NP_033938.3,KAG9274344.1,CASPA
CASP3,XP_017168032.1,KAG9259687.1,CASP3
CASP3,XP_017168032.1,KAG9272585.1,CASP3
CASP6,NP_033941.3,KAG9275740.1,CASP6
CASP7,XP_006526679.3,KAG9267896.1,CASP7
CASP8,NP_001073595.1,KAG9277633.1,CASP8
CASZ1,XP_006539220.1,KAG9269729.1,KAG9269729.1
CAT,NP_033934.2,KAG9280725.1,CAT
CAV1,NP_001396487.1,KAG9272138.1,CAV1
CAV3,NP_031643.1,KAG9277110.1,CAV3
CCK,NP_112438.1,KAG9263824.1,CCK
CCK,NP_112438.1,KAG9276531.1,CCK
CCL19,NP_036018.1,KAG9261977.1,CCL19
CCL20,NP_058656.1,KAG9273787.1,CCL20
CCL22,NP_033163.1,KAG9282566.1,K4
CCNA2,NP_033958.2,KAG9272231.1,CCNA2
CCNB2,NP_031656.2,KAG9261285.1,CCNB2
CCND1,NP_031657.1,KAG9267104.1,CCND1
CCND2,XP_036021678.1,KAG9271954.1,CCND2
CCNE1,NP_031659.2,KAG9261199.1,CCNE1
CCNG2,NP_031661.3,KAG9266044.1,CCNG2
CCR2,XP_036010478.1,KAG9276167.1,CCR4
CCR9,NP_001160097.1,KAG9273882.1,CCR9
CD36,XP_030109948.1,KAG9280477.1,CD36
CD38,NP_031672.2,KAG9283530.1,CD38
CD40,NP_035741.2,KAG9270932.1,CD40
CDC25A,NP_001397314.1,KAG9275203.1,CDC25A
CDC73,NP_666103.1,KAG9273634.1,CDC73
CDCA7,NP_080142.1,KAG9271459.1,CDCA7
CDH11,NP_033996.4,KAG9261214.1,CDH11
CDH15,NP_031688.2,KAG9261259.1,CDH15
CDH17,XP_006537646.1,KAG9283600.1,CDH17
CDH5,NP_033998.2,KAG9261212.1,CDH5
CDK1,NP_031685.2,KAG9268240.1,CDK1
CDK2,NP_058036.1,KAG9260368.1,CDK2
CDK4,NP_034000.1,KAG9260434.1,CDK4
CDK5R2,NP_034002.2,KAG9277651.1,CDK5R1
CDK6,NP_034003.1,KAG9279787.1,CDK6
CDK9,NP_570930.1,KAG9266031.1,CDK9
CDKN1B,NP_034005.2,KAG9280827.1,CDKN1B
CDKN2B,NP_031696.1,KAG9275760.1,CDKN2B
CDKN2D,NP_001396593.1,KAG9277502.1,CDKN2D
CDON,NP_067314.2,KAG9273311.1,CDON
CDX4,NP_031700.1,KAG9272683.1,CDX4
CEBPA,NP_001274443.1,KAG9260932.1,CEBPA
CEBPG,NP_034014.1,KAG9260933.1,CEBPG
CES2C,NP_663578.1,KAG9273149.1,KAG9273149.1
CETN2,NP_062278.2,KAG9281169.1,CETN1
CFLAR,XP_030100848.1,KAG9271806.1,CFLAR
CFTR,NP_066388.1,KAG9273217.1,CFTR
CGA,XP_006537649.1,KAG9268757.1,CGA
CH25H,NP_034020.1,KAG9267710.1,CH25H
CHD4,NP_001390521.1,KAG9276304.1,CHD4
CHD7,NP_001264078.1,KAG9264732.1,CHD7
CHEK1,NP_001397136.1,KAG9265594.1,CHEK1
CHRNA7,NP_031416.3,KAG9267084.1,CHRNA7
CHRNA7,NP_031416.3,KAG9280846.1,CHRNA7
CHST11,NP_067414.2,KAG9280219.1,CHST11
CIDEC,NP_001359193.1,KAG9277097.1,CIDEC
CISH,NP_034025.1,KAG9260568.1,CISH
CISH,NP_034025.1,KAG9277115.1,CISH
CITED2,XP_036011557.1,KAG9278898.1,CITED3
CKM,NP_031736.1,KAG9265157.1,CKM
CKM,NP_031736.1,KAG9275271.1,CKB
CKM,NP_031736.1,KAG9282155.1,CKM
CKM,NP_031736.1,KAG9282811.1,CKB
CKS1B,NP_058600.1,KAG9279369.1,CKS1B
CLDN11,NP_032796.1,KAG9264711.1,CLDN11
CLDN11,NP_032796.1,KAG9283450.1,CLDN11
CLDN19,NP_001033679.1,KAG9260266.1,CLDN19
CLDN3,NP_034032.1,KAG9264103.1,CLDN4
CLDN4,NP_034033.1,KAG9264103.1,CLDN4
CLOCK,XP_017176140.1,KAG9282177.1,CLOCK
CNR1,NP_001341950.1,KAG9282446.1,CNR1A
COL11A1,NP_031755.2,KAG9276794.1,COL11A1
COL11A1,NP_031755.2,KAG9278882.1,COL11A1
COMP,NP_057894.2,KAG9266766.1,THBS4
COX4I1,NP_034071.2,KAG9272942.1,KAG9272942.1
COX6A1,NP_031774.2,KAG9270571.1,KAG9270571.1
CR2,NP_031784.1,KAG9269252.1,CSMD3
CRABP1,NP_038524.1,KAG9280708.1,CRABP1
CRABP2,NP_031785.1,KAG9275779.1,CRABP2
CREB1,NP_034082.1,KAG9262523.1,CREB1
CREB1,NP_034082.1,KAG9271194.1,CREB1
CREB3L1,NP_036087.2,KAG9260985.1,CREB3L1
CREB3L3,NP_001369747.1,KAG9266874.1,CREB3L3B
CREB3L4,XP_006502373.5,KAG9276291.1,CREB3L4
CRH,NP_991338.1,KAG9278249.1,CRF1
CRP,NP_031794.3,KAG9276808.1,PXN1
CRTC2,NP_083157.1,KAG9276670.1,CRTC2
CRY1,NP_031797.1,KAG9280281.1,CRY1
CRY2,XP_017170770.1,KAG9272004.1,CRY2
CRYAB,XP_030099896.1,KAG9281994.1,CRYAB
CSF3R,NP_031808.2,KAG9276441.1,CSF3R
CSL,NP_082221.2,KAG9269146.1,CS
CSRP2,NP_031818.3,KAG9280511.1,CSRP2
CTCF,XP_006530709.1,KAG9273247.1,CTCF
CTLA4,NP_033973.2,KAG9271562.1,CD28
CTNNB1,NP_001159374.1,KAG9263822.1,CTNNB1
CTNNB1,NP_001159374.1,KAG9276534.1,CTNNB1
CTR9,NP_033457.2,KAG9267133.1,KAG9267133.1
CTSE,NP_031825.2,KAG9280375.1,CTSE
CTSK,NP_031828.2,KAG9276598.1,CTSK
CUX2,NP_001402709.1,KAG9270618.1,CUX2
CXCL10,NP_067249.1,KAG9261722.1,CXCL11.6
CXCL12,NP_038683.1,KAG9275342.1,CXCL12
CXCL2,NP_033166.1,KAG9259640.1,CXCL8
CXCR2,XP_006495701.1,KAG9271812.1,CXCR1
CXCR5,NP_031577.2,KAG9273314.1,CXCR5
CYP11A1,NP_062753.3,KAG9281025.1,CYP11A1
CYP17A1,NP_031835.3,KAG9275388.1,CYP17A1
CYP19A1,NP_001335101.1,KAG9273473.1,CYP19A1
CYP1A1,NP_001129531.1,KAG9273424.1,CYP1A1
CYP1A1,NP_001129531.1,KAG9273425.1,CYP1A1
CYP24A1,NP_034126.1,KAG9276948.1,CYP24A1
CYP26A1,NP_031837.2,KAG9267616.1,CYP26A1
CYP26B1,XP_030111198.1,KAG9274282.1,CYP26B1
CYP27A1,NP_077226.2,KAG9271146.1,CYP27A1
CYP27A1,NP_077226.2,KAG9271618.1,CYP27A1
CYP27A1,NP_077226.2,KAG9271619.1,CYP27A1
CYP2A4,NP_034127.2,KAG9278554.1,CYP2G1
CYP2A5,NP_031838.2,KAG9278554.1,CYP2G1
CYP2B10,NP_034129.1,KAG9278554.1,CYP2G1
CYP2C29,NP_031841.3,KAG9278554.1,CYP2G1
CYP3A11,NP_031844.1,KAG9262887.1,CYP3A30
CYP7A1,NP_031850.2,KAG9264736.1,CYP7A1
CYP7B1,NP_031851.3,KAG9278243.1,CYP7B1
CYP8B1,NP_034142.3,KAG9274772.1,CYP8B1
DACH2,XP_030107383.1,KAG9265489.1,KAG9265489.1
DBH,NP_620392.2,KAG9263268.1,DBH
DBI,NP_031856.1,KAG9271527.1,DBI
DCK,NP_031858.1,KAG9266035.1,DCK
DCST1,NP_084250.1,KAG9276649.1,DCST1
DCST2,XP_011238650.1,KAG9276648.1,DCST2
DCTN2,NP_001177383.1,KAG9276977.1,DCTN2
DCTN6,NP_035852.1,KAG9259610.1,DCTN6
DCX,NP_001396939.1,KAG9281556.1,DCX
DDIT4,NP_083359.1,KAG9267988.1,DDIT4
DDR2,XP_036018652.1,KAG9277271.1,DDR2
DDX54,NP_082317.1,KAG9281887.1,DDX54
DES,NP_034173.1,KAG9277654.1,DES
DIDO1,XP_006500671.1,KAG9260572.1,DIDO1
DKK1,NP_034181.2,KAG9267310.1,DKK1
DKK3,NP_001347186.1,KAG9267121.1,DKK3
DLC1,NP_001181869.1,KAG9259675.1,DLC1
DLL3,NP_031892.2,KAG9265143.1,DLC
DLL4,NP_062327.2,KAG9282989.1,DLL4
DLX1,NP_001403914.1,KAG9271451.1,DLX1A
DLX2,NP_034184.1,KAG9271450.1,DLX2A
DLX5,NP_034186.2,KAG9279805.1,DLX5A
DLX6,NP_034187.1,KAG9279804.1,DLX6A
DMAP1,NP_075667.1,KAG9270121.1,DMAP1
DMBX1,XP_017175446.1,KAG9277828.1,DMBX1B
DMBX1,XP_017175446.1,KAG9278841.1,DMBX1A
DMD,XP_006527831.1,KAG9262123.1,DMD
DMRT1,NP_056641.2,KAG9261729.1,DMRT1
DMRT2,NP_665830.1,KAG9261731.1,DMRT2
DMRT3,NP_796334.2,KAG9261730.1,DMRT3A
DNAJC2,NP_033610.1,KAG9280690.1,KAG9280690.1
DNASE2A,NP_034192.1,KAG9283693.1,DNASE2
DNM1,XP_006497717.2,KAG9261911.1,DNM1
DNMT1,NP_034196.5,KAG9278979.1,DNMT1
DNMT3B,XP_006498745.1,KAG9269527.1,DNMT3B
DNTT,NP_033371.2,KAG9275509.1,DNTT
DOT1L,NP_955354.1,KAG9266836.1,DOT1L
DPAGT1,XP_006510054.1,KAG9281755.1,DPAGT1
DR1,NP_080382.2,KAG9277792.1,DR1
DRD2,NP_034207.2,KAG9265437.1,D215
DRD2,NP_034207.2,KAG9282010.1,D215
DTX1,NP_001404403.1,KAG9270272.1,DTX1
DUSP2,NP_034220.2,KAG9270486.1,DUSP2
DUSP4,NP_795907.1,KAG9265526.1,DUSP4
DUSP6,NP_080544.1,KAG9272129.1,DUSP6
E2F2,NP_808401.1,KAG9268364.1,E2F2
E2F4,NP_683754.1,KAG9272113.1,E2F4
E2F5,NP_031918.2,KAG9273987.1,E2F5
E2F8,NP_001347741.1,KAG9266401.1,E2F8
EBNA1BP2,NP_081208.1,KAG9273685.1,EBNA1BP2
ECE1,NP_001356106.1,KAG9260766.1,ECE1
EDEM1,NP_619618.1,KAG9276887.1,EDEM1
EED,NP_068676.1,KAG9262349.1,EED
EFNA1,NP_034237.3,KAG9275881.1,EFNA1
EFNA1,NP_034237.3,KAG9279372.1,EFNA1
EGF,XP_006501053.1,KAG9272341.1,EGF
EGR2,XP_030100730.1,KAG9267612.1,EGR2B
EHF,XP_006498758.1,KAG9281081.1,EHF
EHMT1,XP_036018609.1,KAG9266240.1,EHMT1
EI24,NP_001186423.2,KAG9263122.1,KAG9263122.1
EIF4E,XP_006501056.1,KAG9272320.1,EIF4E1A
EIF4E,XP_006501056.1,KAG9275180.1,EIF4E1A
EIF4G3,XP_006538839.1,KAG9269653.1,EIF4G3
ELF3,NP_031947.1,KAG9260735.1,ELF3
ELF4,NP_001368805.1,KAG9272756.1,ELF4
ELK1,NP_031948.4,KAG9270037.1,ELK1
ELOVL5,XP_030100414.1,KAG9275038.1,ELOVL5
EMX2,NP_034262.2,KAG9274868.1,EMX2
EN1,NP_034263.2,KAG9262302.1,EN1
EN2,NP_034264.1,KAG9278400.1,ENG2B
ENO1,NP_001366056.1,KAG9269661.1,ENO1
ENO1,NP_001366056.1,KAG9277156.1,ENO1
ENPP1,NP_032839.3,KAG9261050.1,ENPP1
ENTPD1,NP_001291650.1,KAG9267881.1,ENTPD1
EOMES,NP_034266.2,KAG9281371.1,EOMES
EPHA2,NP_034269.2,KAG9269684.1,EPHA2
EPHA4,NP_031962.2,KAG9273788.1,EPHA4-A
EPHB2,XP_030109051.1,KAG9260155.1,EPHB2
EPHB2,XP_030109051.1,KAG9269650.1,EPHB2
EPO,NP_001299804.1,KAG9274523.1,EPO
EPOR,NP_034279.3,KAG9264523.1,EPOR
ERF,NP_034285.3,KAG9279337.1,ERF
ESR1,XP_006512496.1,KAG9283012.1,ESR1
ESRRG,XP_030110282.1,KAG9268335.1,ESRRG
ETS1,NP_001359463.1,KAG9273355.1,ETS1
ETV6,NP_031987.3,KAG9280587.1,ETV6
EYA2,NP_034295.1,KAG9276949.1,KAG9276949.1
F3,NP_034301.3,KAG9276508.1,F3
F3,NP_034301.3,KAG9278886.1,F3
F7,NP_034302.2,KAG9262334.1,F7
F7,NP_034302.2,KAG9262335.1,F7
FABP1,NP_059095.1,KAG9270643.1,FABP1B.1
FABP1,NP_059095.1,KAG9281894.1,FABP1
FABP7,NP_067247.1,KAG9268926.1,FABP7
FASL,NP_034307.1,KAG9282718.1,FASLG
FBXW7,NP_001171244.1,KAG9259937.1,FBXW7
FCER1G,NP_034315.1,KAG9274189.1,FCER1G
FCER2A,NP_001240676.1,KAG9274631.1,KAG9274631.1
FCGR1,NP_034316.1,KAG9278516.1,FCGR1
FES,NP_034324.2,KAG9266570.1,V-FPS
FGF15,NP_032029.1,KAG9267102.1,FGF19
FGF16,NP_085117.2,KAG9271884.1,FGF16
FGF2,XP_006535462.1,KAG9263773.1,FGF2
FGF20,NP_085113.2,KAG9272618.1,FGF9
FGF21,NP_064397.1,KAG9267102.1,FGF19
FGF23,XP_036008152.1,KAG9280564.1,FGF23
FGF3,NP_032033.2,KAG9267100.1,FGF3
FGF4,NP_034332.2,KAG9267101.1,FGF4-B
FGF7,NP_032034.1,KAG9273487.1,FGF7
FGF8,NP_001159834.1,KAG9275391.1,FGF8A
FGFBP1,NP_001408505.1,KAG9272234.1,FGFBP1
FHL2,NP_001399527.1,KAG9259430.1,FHL2
FHL2,NP_001399527.1,KAG9271325.1,FHL2
FHL2,NP_001399527.1,KAG9277668.1,FHL2
FKBP8,NP_001104536.1,KAG9266838.1,FKBP8
FLT1,NP_034358.2,KAG9283348.1,FLT1
FLT3,NP_034359.2,KAG9283346.1,FLT3
FMR1,NP_032057.2,KAG9272183.1,FMR1-A
FOLR1,NP_001399365.1,KAG9265304.1,FOLR1
FOSB,NP_032062.1,KAG9272818.1,FOSB
FOSL2,NP_032063.2,KAG9268867.1,FOSL2
FOXA2,NP_001277994.1,KAG9268601.1,FOXA2
FOXD3,NP_034555.3,KAG9277315.1,FOXD3-A
FOXE1,NP_899121.1,KAG9259451.1,FOXE1
FOXE1,NP_899121.1,KAG9275750.1,FOXE1
FOXF1,NP_034556.2,KAG9272945.1,FOXF1
FOXJ3,NP_001344106.1,KAG9260788.1,FOXJ3
FOXL2,NP_036150.1,KAG9278725.1,FOXL2
FOXM1,NP_032047.4,KAG9280557.1,FOXM1
FOXN4,XP_006530184.1,KAG9261556.1,FOXN4
FOXO1,NP_062713.2,KAG9263180.1,FOXO1B
FOXO1,NP_062713.2,KAG9265011.1,FOXO1A
FOXO3,NP_001363896.1,KAG9282496.1,FOXO3
FOXO4,NP_061259.1,KAG9272637.1,FOXO4
FOXP1,NP_001184250.1,KAG9276871.1,FOXP1B
FOXP3,NP_473380.1,KAG9270734.1,FOXP3
FRZB,NP_035486.1,KAG9271814.1,FRZB
FSHB,NP_032071.1,KAG9260878.1,CGBA
FURIN,NP_001074923.1,KAG9266571.1,FURIN
FURIN,NP_001074923.1,KAG9281091.1,FURIN
FUS,NP_631888.1,KAG9278544.1,TAF15
FXN,NP_032070.1,KAG9269992.1,FXN
GABPB1,NP_001393143.1,KAG9273501.1,GABPB1
GABRB3,NP_001033790.1,KAG9275165.1,GABRB1
GABRB3,NP_001033790.1,KAG9277227.1,GABRB3
GAD1,NP_001407029.1,KAG9271444.1,GAD1
GAD1,NP_001407029.1,KAG9277820.1,GAD1
GADD45A,NP_031862.1,KAG9277794.1,GADD45A
GADD45B,NP_032681.1,KAG9266729.1,GADD45B
GAL3ST1,XP_036012743.1,KAG9261986.1,GAL3ST1
GAS2,XP_036008574.1,KAG9281034.1,GAS2
GATA1,NP_001397533.1,KAG9260152.1,GATA2
GATA2,NP_001342182.1,KAG9260598.1,GATA2
GATA3,NP_001342039.1,KAG9280464.1,GATA3
GATA5,NP_032119.2,KAG9269509.1,GATA5-A
GBP2,NP_034390.1,KAG9271306.1,GBP3
GBX2,NP_034392.1,KAG9277921.1,GBX2
GCFC2,NP_808552.2,KAG9268142.1,GCFC2
GCK,NP_034422.2,KAG9270492.1,GCK
GCLC,NP_034425.1,KAG9275039.1,GCLC
GCLM,NP_032155.1,KAG9270851.1,GCLM
GDF5,NP_032135.2,KAG9259419.1,GDF5
GDF5,NP_032135.2,KAG9277681.1,GDF5
GFI1,NP_001254550.1,KAG9277734.1,GFI1
GFI1B,NP_032140.1,KAG9266328.1,GFI1B
GINS3,NP_084474.1,KAG9272021.1,GINS3
GJA1,XP_036011510.1,KAG9268927.1,GJA1
GJA5,NP_001258557.1,KAG9271023.1,GJA5
GJD2,NP_001405278.1,KAG9268763.1,GJD2
GJD2,NP_001405278.1,KAG9283190.1,GJD2
GLB1,NP_033882.1,KAG9260016.1,GLB1
GLI2,NP_001074594.1,KAG9271132.1,GLI2
GLIPR1,NP_082884.1,KAG9272998.1,GLIPR1
GLIPR1,NP_082884.1,KAG9280503.1,GLIPR1L1
GLIS3,NP_780668.3,KAG9263054.1,GLIS3
GLS2,NP_001028436.2,KAG9260326.1,GLS
GLS2,NP_001028436.2,KAG9270809.1,GLS
GLUL,NP_032157.2,KAG9277797.1,GLUL
GLUL,NP_032157.2,KAG9278852.1,GLUL
GNRHR,NP_034453.1,KAG9279812.1,KAG9279812.1
GPAM,XP_036017329.1,KAG9267889.1,GPAM
GPC4,NP_032176.2,KAG9272644.1,GPC4
GPR143,NP_035081.3,KAG9270979.1,GPR143
GREM1,NP_035954.1,KAG9268183.1,GREM1
GREM2,NP_001408412.1,KAG9268032.1,GREM2
GRIA2,NP_001344853.2,KAG9259771.1,GRIA2
GRIA2,NP_001344853.2,KAG9272335.1,GRIA2
GRIK2,NP_001345795.2,KAG9276471.1,GRIK2
GRIK2,NP_001345795.2,KAG9280544.1,GRIK2
GRIN1,NP_001171128.1,KAG9261926.1,GRIN1
GRIN1,NP_001171128.1,KAG9266339.1,GRIN1
GRIN2B,NP_032197.3,KAG9262497.1,GRIN2B
GRIN2B,NP_032197.3,KAG9279098.1,GRIN2B
GRIP1,XP_006514301.1,KAG9280312.1,GRIP1
GRM2,NP_001153825.1,KAG9260651.1,GRM2
GRM2,NP_001153825.1,KAG9277106.1,GRM2
GSTK1,NP_083831.1,KAG9276315.1,GSTK1
GSTM2,NP_032209.1,KAG9270783.1,GSTM3
GSX2,NP_573555.1,KAG9282766.1,GSX2
GTF2B,NP_663521.1,KAG9264743.1,GTF2B
GTF2H1,NP_001347004.1,KAG9280809.1,GTF2H1
GTF2IRD1,XP_017176536.1,KAG9282034.1,GTF2IRD1
GUCA2A,NP_032216.1,KAG9260158.1,GUCA2A
GUCA2A,NP_032216.1,KAG9269652.1,GUCA2A
GYS2,NP_001398553.1,KAG9280157.1,GYS2
GZF1,NP_001342618.1,KAG9282869.1,GZF1
HADH,NP_032238.2,KAG9275629.1,HADH
HAND2,NP_034532.3,KAG9275714.1,HAND2
HBB-BH1,NP_032245.1,KAG9280088.1,HBB2
HBB-BS,NP_001188320.1,KAG9280088.1,HBB2
HBB-Y,NP_032247.1,KAG9280088.1,HBB2
HBB-Y,NP_032247.1,KAG9280089.1,BA1L//BA1
HBB-Y,NP_032247.1,KAG9280092.1,HBB
HBB-Y,NP_032247.1,KAG9280094.1,BA1L//BA1
HCFC1,NP_032250.2,KAG9270052.1,HCFC1
HCN4,NP_001074661.1,KAG9273545.1,HCN4
HCRTR2,NP_945200.1,KAG9275046.1,HCRTR2
HDAC1,NP_032254.1,KAG9279654.1,HDAC1
HDAC1,NP_032254.1,KAG9282264.1,HDAC2
HDAC11,NP_659168.1,KAG9260775.1,HDAC11
HDAC2,NP_032255.2,KAG9279654.1,HDAC1
HDAC2,NP_032255.2,KAG9282264.1,HDAC2
HECA,NP_001028604.1,KAG9282591.1,KAG9282591.1
HELT,NP_776150.2,KAG9259685.1,HELT
HEPH,NP_034547.2,KAG9263574.1,HEPHL1
HEPH,NP_034547.2,KAG9278253.1,HEPHL1
HERPUD1,NP_071726.1,KAG9273156.1,HERPUD1
HES6,NP_001347828.1,KAG9278375.1,HES6
HES6,NP_001347828.1,KAG9278599.1,HES6
HEY1,NP_034553.2,KAG9279729.1,HEY1
HEY2,NP_038932.1,KAG9283076.1,HEY2
HEYL,NP_038933.2,KAG9279717.1,HEYL
HGF,NP_034557.3,KAG9273035.1,HGF
HGF,NP_034557.3,KAG9280633.1,HGF
HHEX,NP_032271.1,KAG9268098.1,HHEX
HINFP,XP_006509960.1,KAG9281754.1,HINFP
HIPK2,NP_001281073.1,KAG9273058.1,HIPK2
HIVEP2,NP_001345712.1,KAG9282580.1,HIVEP2
HLTF,NP_001342026.1,KAG9264693.1,HLTF
HLX,NP_032276.1,KAG9282520.1,HLX
HMBS,NP_038579.2,KAG9265707.1,HMBS
HMBS,NP_038579.2,KAG9281757.1,HMBS
HMGCL,NP_032280.2,KAG9268311.1,HMGCL
HMGN3,NP_080398.1,KAG9269786.1,HMGN3
HMGXB4,NP_821136.1,KAG9264336.1,HMGXB4
HNF1A,NP_033353.2,KAG9270574.1,HNF1A
HOXA1,NP_034579.3,KAG9280053.1,HOXA1A
HOXA11,NP_034580.1,KAG9276681.1,HOXA11B
HOXA11,NP_034580.1,KAG9280059.1,HOXA11A
HOXA2,NP_034581.1,KAG9276678.1,HOXA2B
HOXA3,XP_017176891.1,KAG9280055.1,HOXA3A
HOXD3,NP_034598.2,KAG9271480.1,HOXD3A
HRAS,NP_001123915.1,KAG9260819.1,HRAS
HRAS,NP_001123915.1,KAG9281141.1,HRAS
HSD11B2,NP_032315.2,KAG9260904.1,HSD11B2
HSD3B1,XP_006501099.1,KAG9271359.1,HSD3B
HSD3B6,NP_038849.2,KAG9271359.1,HSD3B
HSPA5,NP_071705.3,KAG9281622.1,HSPA5
HSPB1,NP_038588.2,KAG9265274.1,HSPB1
HTATIP2,XP_006541052.1,KAG9266398.1,HTATIP2
HTR2C,NP_032338.3,KAG9274488.1,HTR2C
ID3,NP_032347.1,KAG9268365.1,ID3
IDE,XP_036017339.1,KAG9275516.1,IDE
IDH1,NP_034627.3,KAG9271190.1,IDH1
IDS,NP_001388858.1,KAG9272186.1,IDS
IFIH1,NP_001157949.1,KAG9271519.1,IFIH1
IFITM5,NP_444318.1,KAG9280726.1,IFITM5
IFNA1,NP_034632.2,KAG9279071.1,IFNA3
IFNA4,NP_034634.1,KAG9279072.1,KAG9279072.1
IGF1,NP_001104745.1,KAG9280168.1,KAG9280168.1
IGF1R,XP_006540704.1,KAG9266987.1,IGF1R
IGF1R,XP_006540704.1,KAG9273221.1,IGF1R
IGF2,NP_034644.2,KAG9260824.1,IGF2
IGF2,NP_034644.2,KAG9281129.1,IGF2
IGFBP1,NP_032367.3,KAG9282676.1,IGFBP1
IGFBP2,NP_032368.2,KAG9277901.1,IGFBP2A
IGFBP5,NP_034648.2,KAG9271644.1,IGFBP5
IHH,NP_034674.2,KAG9271585.1,IHHB
IKBKB,NP_001153246.1,KAG9269955.1,IKBKB
IKZF1,NP_001391419.1,KAG9275264.1,IKZF1
IL10,NP_034678.1,KAG9260526.1,IL10
IL12RB2,XP_006505680.1,KAG9277274.1,IL12RB2
IL17F,NP_665855.2,KAG9268972.1,IL17F
IL17F,NP_665855.2,KAG9282651.1,IL17F
IL1B,NP_032387.1,KAG9262952.1,IL1B
IL1RL1,NP_001407279.1,KAG9271298.1,IL1RL1
ILF2,NP_080650.1,KAG9279752.1,ILF2
ILF3,XP_011240705.1,KAG9264506.1,ILF3
ILK,NP_034692.2,KAG9263660.1,ILK
ING1,NP_036049.2,KAG9262392.1,ING1
ING1,NP_036049.2,KAG9271705.1,ING1
ING4,NP_001355624.1,KAG9279426.1,ING4
INHA,NP_034694.3,KAG9277904.1,INHA
INPP5D,XP_006529212.1,KAG9277745.1,INPP5D
INS1,NP_032412.3,KAG9272596.1,INS
INS1,NP_032412.3,KAG9282128.1,INS
INS2,NP_001172012.1,KAG9272596.1,INS
INS2,NP_001172012.1,KAG9282128.1,INS
INSIG1,NP_705746.1,KAG9273625.1,INSIG1
INSM1,NP_058585.2,KAG9283108.1,INSM1A
INSR,XP_006508764.1,KAG9266932.1,INSR
INSR,XP_006508764.1,KAG9273912.1,INSR
IRAK1,NP_001171447.1,KAG9270053.1,IRAK1
IRF2,XP_011240477.1,KAG9272586.1,IRF2
IRF3,XP_006541058.1,KAG9267418.1,IRF3
IRF5,XP_006505158.1,KAG9280642.1,IRF5
IRF6,NP_058547.2,KAG9260759.1,IRF6
IRF7,XP_006536277.1,KAG9281146.1,IRF3
IRF8,NP_032346.1,KAG9272944.1,IRF8
IRS1,NP_034700.2,KAG9264816.1,IRS1-B
IRX3,NP_001240751.1,KAG9260916.1,IRX3
IRX5,NP_061296.1,KAG9260915.1,IRX5
ITCH,NP_032421.2,KAG9269265.1,ITCH
ITCH,NP_032421.2,KAG9276960.1,ITCH
ITGA4,NP_034706.3,KAG9271822.1,ITGA4
ITGA6,NP_001264899.1,KAG9271449.1,ITGA6
ITGA7,XP_030100775.1,KAG9260427.1,ITGA7
ITGAM,NP_001076429.1,KAG9267405.1,ITGAX
ITGB6,NP_067334.1,KAG9266565.1,ITGB6
ITM2A,NP_032435.2,KAG9271915.1,ITM2A
ITPR1,XP_006505686.1,KAG9260656.1,ITPR1
ITPR1,XP_006505686.1,KAG9277182.1,ITPR1
JAG1,NP_038850.1,KAG9259854.1,JAG1B
JAK2,NP_001041642.1,KAG9261802.1,JAK2
JAK2,NP_001041642.1,KAG9266318.1,JAK2
JAZF1,NP_775582.2,KAG9276685.1,JAZF1
JMJD1C,XP_006513098.1,KAG9267614.1,JMJD1C
JUN,NP_034721.1,KAG9282715.1,JUN
JUNB,NP_032442.1,KAG9279254.1,JUNB
JUND,NP_034722.1,KAG9278669.1,JUND
KCNA5,NP_666095.1,KAG9280399.1,KCNA5
KCNB1,XP_017171221.1,KAG9277007.1,KCNB1
KCNB1,XP_017171221.1,KAG9277091.1,KCNB1
KCNN3,NP_536714.2,KAG9275889.1,KCNN3
KCNV2,NP_899002.1,KAG9263447.1,KCNV2
KDM5A,NP_666109.2,KAG9280403.1,KDM5A
KDM5C,NP_001390000.1,KAG9270354.1,KDM5C
KDR,NP_001390070.1,KAG9282762.1,KDR
KEAP1,NP_001103775.1,KAG9277500.1,KEAP1B
KHDRBS1,NP_035447.3,KAG9279660.1,KHDRBS1
KIF17,NP_034753.1,KAG9260282.1,KIF17
KIF26B,NP_001155137.1,KAG9268983.1,KIF26B
KIT,NP_001116205.1,KAG9259947.1,KITA
KIT,NP_001116205.1,KAG9282763.1,KITA
KLF13,NP_067341.2,KAG9281000.1,KLF13
KLF2,NP_032478.2,KAG9266649.1,KLF4
KLF3,XP_006503814.1,KAG9259743.1,KLF3
KLF4,NP_034767.2,KAG9266142.1,KLF4
KLF7,XP_030099629.1,KAG9262219.1,KLF7
KLF7,XP_030099629.1,KAG9271195.1,KLF7
L1CAM,NP_001361623.1,KAG9269737.1,L1CAM
LAMA4,NP_034811.2,KAG9282265.1,LAMA4
LBX1,NP_034821.2,KAG9275393.1,LBX1
LCT,NP_001074547.1,KAG9271639.1,LCT
LDB1,XP_006526786.3,KAG9267009.1,LDB1
LDB1,XP_006526786.3,KAG9275381.1,LDB1
LDHA,NP_001129541.2,KAG9281138.1,LDHA
LDHB,NP_001303251.1,KAG9280159.1,LDHBA
LDHB,NP_001303251.1,KAG9281064.1,LDHBB
LDHD,NP_081846.3,KAG9272019.1,LDHD
LEF1,NP_001365988.1,KAG9275630.1,LEF1
LEFTY1,NP_034224.1,KAG9282642.1,LEFTY2
LFNG,NP_032520.1,KAG9267374.1,RFNG
LGALS4,NP_034836.1,KAG9273528.1,LGALS4
LHB,NP_032523.2,KAG9275034.1,CGBB
LHX2,NP_001407283.1,KAG9269975.1,LHX2
LHX3,NP_034841.2,KAG9281601.1,LHX3
LHX4,NP_034842.2,KAG9270183.1,LHX4
LHX6,NP_001076594.1,KAG9263277.1,LHX6
LHX9,NP_001036042.1,KAG9266803.1,LHX9
LIN28A,NP_665832.1,KAG9276453.1,KAG9276453.1
LIN9,NP_001096652.3,KAG9283030.1,KAG9283030.1
LIPC,NP_001311401.1,KAG9280856.1,LIPC
LIPE,XP_006539633.2,KAG9283583.1,LIPE
LMNA,NP_001002011.2,KAG9276613.1,LMNA
LMO2,NP_001135807.1,KAG9273563.1,LMO2
LMO3,XP_036021636.1,KAG9280300.1,LMO3
LMO4,NP_001155241.1,KAG9277772.1,LMO4
LMX1B,NP_034855.3,KAG9270285.1,LMX1B
LPL,NP_032535.2,KAG9266657.1,LPL
LRP1,NP_032538.2,KAG9260454.1,LRP1
LRRC10,NP_666354.1,KAG9280940.1,LRRC10
LSS,NP_666118.1,KAG9271616.1,KAG9271616.1
LXN,NP_058033.2,KAG9278531.1,LXN
MAB21L1,NP_034880.1,KAG9259945.1,MAB21L2
MAB21L1,NP_034880.1,KAG9264626.1,MAB21L1
MAB21L2,NP_035969.2,KAG9259945.1,MAB21L2
MAB21L2,NP_035969.2,KAG9264626.1,MAB21L1
MAD2L1,NP_001342553.1,KAG9274093.1,MAD2L1
MAF,NP_001020748.2,KAG9280904.1,MAF
MAFB,NP_034788.1,KAG9269882.1,MAFB
MAFK,XP_006504716.1,KAG9279970.1,MAFK
MAOA,NP_776101.3,KAG9271095.1,MAO
MAP1A,NP_115769.1,KAG9261301.1,MAP1A
MAP3K5,NP_032606.4,KAG9282429.1,MAP3K5
MAP3K7,NP_033342.1,KAG9282417.1,MAP3K7
MAPK3,NP_036082.1,KAG9264229.1,MAPK1
MAPK8IP1,NP_035292.2,KAG9266484.1,MAPK8IP1
MAST1,XP_006531280.1,KAG9262607.1,MAST1
MAST1,XP_006531280.1,KAG9279252.1,MAST1
MATN1,NP_034899.2,KAG9279847.1,MATN1
MCM2,NP_032590.2,KAG9260168.1,MCM2
MCM3,NP_032589.1,KAG9282652.1,MCM3
MCM5,NP_032592.2,KAG9264340.1,MCM5
MCM6,NP_032593.1,KAG9277628.1,MCM6
MCM7,NP_032594.1,KAG9263738.1,MCM7-B
MCM8,NP_001277983.1,KAG9268735.1,MCM8
MCTS1,XP_036017981.1,KAG9272703.1,MCTS1
MDM2,NP_034916.1,KAG9280471.1,MDM2
MDM4,NP_032601.2,KAG9260508.1,MDM4
MED23,XP_036011884.1,KAG9282327.1,MED23
MED8,XP_006503554.1,KAG9277840.1,MED8
MEF2A,NP_001278120.1,KAG9273261.1,MEF2A
MEIS2,XP_030104081.1,KAG9268767.1,MEIS2
MERTK,NP_032613.1,KAG9275011.1,MERTK
MET,NP_032617.2,KAG9272360.1,MET
MGMT,NP_001399629.1,KAG9268229.1,MGMT
MGST1,NP_001334418.1,KAG9280301.1,MGST1
MIA,NP_062267.2,KAG9281996.1,MIA
MIF,NP_034928.1,KAG9272222.1,MIF
MIP,NP_032626.2,KAG9269284.1,KAG9269284.1
MIP,NP_032626.2,KAG9269775.1,KAG9269775.1
MITF,NP_001106669.1,KAG9269944.1,MITF
MITF,NP_001106669.1,KAG9276875.1,MITF
MLLT3,NP_081602.3,KAG9274192.1,MLLT3
MLXIPL,XP_006504540.1,KAG9281705.1,MLXIPL
MME,NP_001344264.1,KAG9273404.1,MME
MMP13,NP_032633.1,KAG9264620.1,MMP13
MMP15,NP_032635.1,KAG9267108.1,MMP15
MMP19,NP_067387.1,KAG9260366.1,MMP19
MMP19,NP_067387.1,KAG9270890.1,MMP19
MMP2,XP_006530814.1,KAG9260913.1,MMP2
MMP9,NP_038627.1,KAG9270760.1,MMP9
MORF4L1,NP_077751.1,KAG9273198.1,KAG9273198.1
MPL,NP_001272425.1,KAG9277286.1,MPL
MRC1,NP_032651.2,KAG9274075.1,MRC1
MRGBP,NP_082755.1,KAG9269483.1,MRGBP
MSI1,NP_032655.1,KAG9270565.1,KAG9270565.1
MSTN,NP_034964.1,KAG9271725.1,MSTNB
MSX1,NP_034965.2,KAG9263746.1,KAG9263746.1
MTF1,NP_032662.3,KAG9276449.1,MTF1
MTF2,NP_038855.2,KAG9278835.1,MTF2
MTOR,NP_064393.2,KAG9270301.1,MTOR
MTTP,NP_001156929.1,KAG9259723.1,MTTP
MVK,XP_006530246.1,KAG9261540.1,MVK
MXD1,NP_001397005.1,KAG9262057.1,MXD1
MXI1,NP_001008542.2,KAG9261139.1,MXI1
MYB,NP_034978.3,KAG9269798.1,MYB
MYBL2,XP_006498936.1,KAG9260296.1,MYBL2
MYD88,NP_034981.1,KAG9283297.1,MYD88
MYEF2,XP_030104088.1,KAG9273481.1,MYEF2
MYF5,XP_006513382.1,KAG9280489.1,MYF-5
MYF6,NP_032683.1,KAG9280490.1,MYF6
MYL1,XP_036018509.1,KAG9271736.1,MYL1
MYL2,NP_034991.3,KAG9270619.1,MYL2
MYL2,NP_034991.3,KAG9281670.1,MYL2
MYL6,NP_034990.1,KAG9269741.1,MYL6
MYL6,NP_034990.1,KAG9277186.1,MYL6
MYL9,NP_742116.1,KAG9269254.1,MYL9
MYL9,NP_742116.1,KAG9273881.1,MYL12A
MYL9,NP_742116.1,KAG9274059.1,MYL12A
MYL9,NP_742116.1,KAG9277077.1,MYL9
MYO6,NP_001395181.1,KAG9268494.1,MYO6
MYO6,NP_001395181.1,KAG9282452.1,MYO6
MYOD1,NP_034996.2,KAG9281115.1,MYOD1
MYOG,NP_112466.1,KAG9260512.1,MYOG
MYOM2,NP_001401117.1,KAG9266562.1,MYOM2
MYOM2,NP_001401117.1,KAG9274845.1,MYOM2
MYOM3,NP_001078978.1,KAG9283793.1,MYOM3
MYOZ2,NP_067478.1,KAG9259991.1,MYOZ2
NAB1,NP_001407276.1,KAG9271710.1,NAB1
NAPEPLD,NP_001346893.1,KAG9280138.1,NAPEPLD
NAT2,XP_006509655.1,KAG9260935.1,PNAT10
NAT2,XP_006509655.1,KAG9260936.1,PNAT10
NAT2,XP_006509655.1,KAG9260937.1,PNAT10
NCAM1,NP_001074914.1,KAG9265406.1,NCAM1
NCAM1,NP_001074914.1,KAG9265633.1,NCAM1
NCF1,NP_035006.3,KAG9282050.1,NCF1
NCK2,XP_030107914.1,KAG9259428.1,NCK2
NCK2,XP_030107914.1,KAG9271324.1,NCK2
NCK2,XP_030107914.1,KAG9277671.1,NCK2
NCOA2,XP_030107955.1,KAG9283229.1,NCOA2
NCOA3,NP_032705.2,KAG9269872.1,NCOA3
NCOA5,NP_659141.1,KAG9276946.1,NCOA5
NDP,NP_035013.1,KAG9271094.1,NDP
NECTIN1,NP_067399.2,KAG9265598.1,NECTIN1
NECTIN1,NP_067399.2,KAG9273320.1,NECTIN1
NECTIN2,NP_033016.3,KAG9279332.1,NECTIN2
NECTIN4,NP_082169.2,KAG9278717.1,NECTIN4
NELFCD,NP_065605.3,KAG9259423.1,NELFCD
NELFCD,NP_065605.3,KAG9277677.1,NELFCD
NEUROD1,NP_035024.1,KAG9271820.1,NEUROD1
NEUROD4,NP_001316419.1,KAG9269742.1,NEUROD4
NEUROD6,NP_033847.1,KAG9276486.1,NEUROD6
NEUROG3,NP_033849.3,KAG9275417.1,NEUROG3
NFAT5,NP_001273189.1,KAG9267144.1,NFAT5
NFATC3,NP_001355726.1,KAG9260896.1,NFATC3
NFE2L2,NP_035032.1,KAG9271483.1,NFE2L2
NFKB1,NP_032715.2,KAG9263807.1,NFKB1
NFKB2,NP_001170841.1,KAG9275553.1,NFKB2
NFYB,NP_035044.1,KAG9280220.1,NFYB
NFYC,NP_001408222.1,KAG9279816.1,NFYC
NGF,XP_006501171.1,KAG9277043.1,NGF
NHLH1,NP_035046.1,KAG9262412.1,NHLH1
NHLH1,NP_035046.1,KAG9271035.1,NHLH1
NHLH2,NP_848892.1,KAG9262412.1,NHLH1
NHLH2,NP_848892.1,KAG9271035.1,NHLH1
NKX2-3,NP_032725.1,KAG9275311.1,NKX2-3
NKX6-1,NP_659204.1,KAG9265506.1,NKX6-1
NMNAT2,NP_780669.1,KAG9273831.1,NMNAT2
NOCT,NP_033964.1,KAG9272268.1,NOCT
NODAL,NP_038639.2,KAG9267480.1,KAG9267480.1
NONO,NP_001413149.1,KAG9282173.1,NONO
NOP56,NP_077155.2,KAG9266267.1,NOP56
NOS1,NP_032738.1,KAG9261998.1,NOS1
NOSTRIN,NP_853525.3,KAG9271510.1,NOSTRIN
NOTCH1,NP_032740.3,KAG9261813.1,KAG9261813.1
NOTCH2,NP_035058.2,KAG9270076.1,KAG9270076.1
NOX4,XP_006508075.1,KAG9265281.1,NOX4
NPAS2,NP_032745.2,KAG9282177.1,CLOCK
NPAT,NP_001074621.1,KAG9265202.1,NPAT
NPHS1,XP_036009153.1,KAG9264674.1,NPHS1
NPHS2,NP_569723.1,KAG9266613.1,NPHS2
NPR1,NP_032753.5,KAG9276639.1,NPR1
NPR1,NP_032753.5,KAG9279608.1,NPR1
NQO1,XP_036009703.1,KAG9267071.1,NQO1
NQO1,XP_036009703.1,KAG9267072.1,NQO1
NR0B2,NP_035980.1,KAG9259576.1,NR0B2
NR0B2,NP_035980.1,KAG9283910.1,NR0B2
NR1H3,NP_038867.2,KAG9260845.1,NR1H3
NR1H4,NP_001372640.1,KAG9273109.1,NR1H4
NR2C1,NP_035759.3,KAG9280449.1,NR2C1-B
NR2C2,NP_001334271.1,KAG9280449.1,NR2C1-B
NR2E1,NP_689415.1,KAG9282493.1,NR2E1
NR2F6,NP_034280.2,KAG9266742.1,NR2F6
NR3C2,NP_001077375.1,KAG9275703.1,NR3C2
NR4A2,XP_036015279.1,KAG9271667.1,NR4A2
NR4A3,XP_030109168.1,KAG9283607.1,NR4A3
NR5A2,XP_006529684.1,KAG9266799.1,NR5A2
NRARP,NP_080256.2,KAG9263261.1,NRARPA
NRF1,NP_001348622.1,KAG9280525.1,NRF1
NRGN,NP_071312.1,KAG9282011.1,NRGN
NRP1,NP_032763.2,KAG9276715.1,NRP1A
NRP2,NP_001070871.1,KAG9262303.1,NRP2
NRP2,NP_001070871.1,KAG9271570.1,NRP2
NT5E,NP_035981.1,KAG9282448.1,NT5E
NTRK1,XP_006501187.1,KAG9283699.1,NTRK1
NUDT1,NP_001343514.1,KAG9279963.1,NUDT1
NUPR1,NP_062712.1,KAG9264435.1,NUPR1
ODF2,XP_017171768.1,KAG9266212.1,ODF2
OGG1,NP_035087.3,KAG9270299.1,OGG1
OMP,NP_035140.1,KAG9272853.1,OMP
ONECUT1,NP_032288.1,KAG9273457.1,ONECUT1
ONECUT3,NP_631972.2,KAG9266827.1,ONECUT3
ONECUT3,NP_631972.2,KAG9278695.1,ONECUT3
OPN1SW,NP_031564.1,KAG9260150.1,B23
OPRD1,NP_038650.3,KAG9276413.1,OPRD1
OPRD1,NP_038650.3,KAG9279291.1,OPRD1
OPRK1,NP_001305664.1,KAG9274008.1,OPRK1
OPRK1,NP_001305664.1,KAG9274056.1,OPRK1
OSTM1,NP_766004.1,KAG9282491.1,OSTM1
OXT,NP_035155.1,KAG9281896.1,KAG9281896.1
P2RY10,NP_001344739.1,KAG9271913.1,P2RY10
PAG1,XP_030108786.1,KAG9279725.1,PAG1
PAGR1A,NP_084516.1,KAG9267391.1,PAGR1
PANX3,NP_766042.2,KAG9263615.1,PANX3
PAPPA,NP_067337.1,KAG9261909.1,PAPPA
PAQR7,XP_036020344.1,KAG9276421.1,PAQR7B
PARP1,NP_031441.2,KAG9283031.1,PARP1
PAX1,XP_006498974.1,KAG9268602.1,PAX1
PAX2,NP_001355673.1,KAG9275365.1,PAX2-A
PAX3,NP_001152992.1,KAG9278591.1,PAX3-A
PAX5,NP_032808.1,KAG9259751.1,PAX5
PAX6,NP_001231127.1,KAG9271990.1,PAX6A
PAX7,XP_006538694.1,KAG9260231.1,PAX7
PAX7,XP_006538694.1,KAG9269630.1,PAX7
PAX8,NP_035170.1,KAG9281877.1,PAX8
PCK1,NP_035174.1,KAG9277848.1,PCK1
PCNA,NP_035175.1,KAG9263395.1,PCNA
PCSK2,NP_032818.1,KAG9274835.1,PCSK2
PCSK9,NP_705793.1,KAG9282686.1,PCSK9
PDE3B,NP_035185.2,KAG9267172.1,PDE3B
PDGFA,NP_001409068.1,KAG9261137.1,PDGFA
PDGFA,NP_001409068.1,KAG9263945.1,PDGFA
PDGFRA,NP_001076785.1,KAG9282764.1,PDGFRA
PDHX,NP_780303.1,KAG9281080.1,PDHX
PDK1,XP_011237746.1,KAG9271455.1,PDK1
PDK4,NP_038771.1,KAG9279800.1,PDK2
PDX1,NP_032840.1,KAG9283344.1,PDX1
PENK,NP_001335138.1,KAG9274042.1,PENK
PER2,NP_001407810.1,KAG9278600.1,KAG9278600.1
PERP,NP_071315.1,KAG9275060.1,PERP
PEX11A,NP_035198.1,KAG9273275.1,PEX11A
PFKFB3,NP_001171229.1,KAG9280456.1,PFKFB3
PHEX,NP_035207.1,KAG9283423.1,PHEX
PHLPP1,NP_598582.3,KAG9274647.1,PHLPP1
PHOX2A,NP_032913.1,KAG9265306.1,PHOX2A
PHOX2B,NP_032914.1,KAG9272157.1,PHOX2B
PIAS1,NP_062637.2,KAG9273197.1,PIAS1
PIAS4,NP_067476.2,KAG9266864.1,PIAS4A
PIK3CA,NP_032865.2,KAG9266440.1,PIK3CA
PITX2,NP_035228.2,KAG9275287.1,PITX3
PITX3,XP_006526827.1,KAG9275287.1,PITX3
PKLR,XP_006501198.1,KAG9276287.1,PKM
PKP3,NP_001156396.1,KAG9281029.1,PKP3
PLA2G4A,NP_032895.1,KAG9264777.1,PLA2G4A
PLA2G4A,NP_032895.1,KAG9282615.1,PLA2G4A
PLAGL2,NP_061277.2,KAG9269504.1,PLAGL2
PLAUR,NP_035243.1,KAG9269184.1,PLAUR
PLAUR,NP_035243.1,KAG9269196.1,PLAUR
PLCG2,NP_758489.1,KAG9273046.1,PLCG2
PLIN2,XP_011248209.1,KAG9274212.1,PLIN2
PLK3,NP_001300845.1,KAG9273620.1,PLK3
PLK4,NP_035625.2,KAG9268554.1,PLK4
PLOD1,NP_035252.1,KAG9270328.1,PLOD1
PLPPR4,NP_808332.3,KAG9264793.1,PLPPR4
PLPPR4,NP_808332.3,KAG9276519.1,PLPPR4
PLTP,NP_001407621.1,KAG9276944.1,PLTP
PMEL,XP_036011605.1,KAG9269057.1,PMEL
POLA1,NP_032918.1,KAG9283404.1,POLA1
POSTN,NP_001355607.1,KAG9264629.1,POSTN
POU2AF1,NP_035266.1,KAG9265376.1,POU2AF1
POU2F1,NP_945150.2,KAG9262340.1,POU2F1
POU2F3,NP_035269.2,KAG9282017.1,POU2F3
POU3F1,NP_035271.1,KAG9276400.1,POU3F1
POU3F2,NP_032925.1,KAG9280551.1,POU3F2
POU3F3,NP_032926.2,KAG9259434.1,POU3F3B
POU3F3,NP_032926.2,KAG9259435.1,POU3F3B
POU3F3,NP_032926.2,KAG9271328.1,POU3F3A
POU3F3,NP_032926.2,KAG9277663.1,POU3F3B
POU3F3,NP_032926.2,KAG9277664.1,POU3F3B
POU3F4,NP_032927.1,KAG9271924.1,POU3F4
POU4F2,NP_620394.2,KAG9275698.1,POU4F2
PPARG,XP_006505801.1,KAG9260361.1,PPARG
PPIG,NP_001394397.1,KAG9277825.1,PPIG
PPP1R13L,XP_030098560.1,KAG9272808.1,PPP1R13L
PPP1R14A,NP_081007.2,KAG9265151.1,CPI17
PPP1R3B,XP_017168286.1,KAG9265524.1,PPP1R3B
PRDM1,NP_001392859.1,KAG9278477.1,PRDM1
PRDM13,NP_001074240.1,KAG9278367.1,PRDM13
PRDM16,NP_001277955.1,KAG9270329.1,PRDM16
PRDM5,XP_006506667.1,KAG9269232.1,PRDM5
PRDM8,NP_084223.2,KAG9261709.1,PRDM8
PRDX1,NP_035164.1,KAG9273696.1,PRDX1
PRDX2,NP_035693.3,KAG9262584.1,PRDX1
PRDX3,NP_031478.1,KAG9275519.1,PRDX3
PRDX6,NP_031479.1,KAG9274661.1,PRDX6
PRDX6,NP_031479.1,KAG9282714.1,PRDX6
PRF1,NP_035203.3,KAG9264106.1,PRF1
PRF1,NP_035203.3,KAG9264107.1,PRF1
PRF1,NP_035203.3,KAG9264108.1,PRF1
PROX1,NP_001347756.1,KAG9282373.1,PROX1
PRRX1,NP_035257.1,KAG9264769.1,PRRX1
PRRX1,NP_035257.1,KAG9282662.1,PRRX1
PSAP,NP_035309.3,KAG9275071.1,PSAP
PTAFR,NP_001074680.1,KAG9268245.1,PTAFR
PTEN,NP_032986.1,KAG9267703.1,PTEN
PTEN,NP_032986.1,KAG9268398.1,PTEN
PTF1A,NP_061279.2,KAG9278404.1,PTF1A
PTGDS,NP_032989.2,KAG9263264.1,PTGDS
PTGES,NP_071860.1,KAG9281778.1,PTGES
PTGES2,NP_598544.2,KAG9270274.1,PTGES2
PTGS1,XP_006497853.1,KAG9261886.1,PTGS1
PTGS2,NP_035328.2,KAG9282614.1,PTGS2
PTHLH,NP_032996.2,KAG9280733.1,PTHLH
PTPN1,NP_035331.3,KAG9270872.1,PTPN1
PTPN6,NP_001071173.1,KAG9276303.1,PTPN6
PTPRC,NP_001407709.1,KAG9266800.1,PTPRC
PTPRO,XP_036021846.1,KAG9280578.1,PTPRO
PTPRU,XP_006538737.1,KAG9276424.1,PTPRU
PTPRU,XP_006538737.1,KAG9279283.1,PTPRU
PTPRZ1,XP_006505075.1,KAG9280945.1,PTPRZ1
PTTG1IP,NP_666037.1,KAG9259580.1,PTTG1IP
PTTG1IP,NP_666037.1,KAG9271755.1,PTTG1IP
PTTG1IP,NP_666037.1,KAG9283914.1,PTTG1IP
PTX3,NP_033013.3,KAG9273368.1,PTX3
PWP1,NP_598754.2,KAG9280145.1,KAG9280145.1
RAC1,NP_033033.1,KAG9264001.1,RAC3
RAC1,NP_033033.1,KAG9264581.1,RAC1
RAC1,NP_033033.1,KAG9267372.1,RAC3
RAC1,NP_033033.1,KAG9267623.1,RAC1
RAD51,NP_035364.1,KAG9282298.1,KAG9282298.1
RAF1,NP_001343263.1,KAG9260356.1,RAF1
RAF1,NP_001343263.1,KAG9269852.1,RAF1
RAG1,NP_033045.2,KAG9281088.1,RAG1
RAG2,XP_017172095.1,KAG9281087.1,RAG2
RAN,NP_001408127.1,KAG9272206.1,RAN
RAP1B,NP_077777.1,KAG9280324.1,RAP1B
RAP2B,NP_082988.1,KAG9273417.1,RAP2A
RB1CC1,XP_036012136.1,KAG9275785.1,RB1CC1
RBL1,NP_035379.2,KAG9277932.1,RBL1
RBL2,NP_035380.3,KAG9281048.1,RBL2
RBMX,XP_036017757.1,KAG9272662.1,RBMX
RBP4,NP_001152959.1,KAG9267337.1,RBP4A
RBPJ,NP_001074397.1,KAG9259712.1,RBPJ
RBPJL,NP_033062.1,KAG9277703.1,RBPJL
RC3H1,NP_001020123.1,KAG9273747.1,RC3H1
RECK,NP_057887.2,KAG9276694.1,RECK
RELB,NP_001277386.1,KAG9265361.1,RELB
RELN,NP_001297393.1,KAG9273570.1,RELN
REN1,NP_112469.1,KAG9270348.1,REN
RERE,XP_030109601.1,KAG9269662.1,RERE
RET,NP_033076.2,KAG9275421.1,RET
RETSAT,NP_080435.3,KAG9264220.1,RETSAT
RETSAT,NP_080435.3,KAG9264221.1,RETSAT
RFX1,XP_036009732.1,KAG9264327.1,RFX1
RFX3,XP_017173576.1,KAG9263053.1,RFX3
RFX4,NP_001020089.1,KAG9273101.1,RFX4
RFX5,NP_001342634.1,KAG9279512.1,RFX5
RFXANK,NP_001020760.1,KAG9266596.1,RFXANK
RFXAP,NP_573494.1,KAG9263708.1,RFXAP
RGS16,NP_035397.2,KAG9273755.1,RGS16
RGS16,NP_035397.2,KAG9277265.1,RGS16
RGS4,NP_033088.2,KAG9277267.1,RGS4
RHOA,NP_058082.2,KAG9260699.1,RHOA
RHOA,NP_058082.2,KAG9270177.1,RHOAA
RHOA,NP_058082.2,KAG9270836.1,RHOAD
RHOA,NP_058082.2,KAG9270900.1,RHOAB
RHOA,NP_058082.2,KAG9277032.1,RHOAD
RIF1,NP_001342343.1,KAG9271430.1,RIF1
RLF,NP_001333589.1,KAG9268347.1,RLF
RLIM,NP_001345134.1,KAG9271889.1,RNF12-B
RND3,NP_083086.1,KAG9261048.1,RND3
RND3,NP_083086.1,KAG9271248.1,RND3
RNF11,NP_038904.1,KAG9270860.1,RNF11
RNF11,NP_038904.1,KAG9274608.1,RNF11
RNF2,NP_001347774.1,KAG9264773.1,RNF2
RORA,NP_038674.1,KAG9280992.1,RORAA
RPS6KA1,NP_001272434.1,KAG9268360.1,RPS6KA
RS1,XP_030107130.1,KAG9261034.1,XLRS1
RUNX1T1,NP_001104496.1,KAG9279690.1,RUNX1T1
RUNX3,NP_062706.2,KAG9274859.1,RUNX3
RXRA,NP_035435.1,KAG9261895.1,RXRAA
RXRA,NP_035435.1,KAG9266292.1,RXRAA
S1PR1,NP_031927.2,KAG9266643.1,S1PR1
SALL1,NP_067365.2,KAG9260924.1,SALL1
SAMD7,XP_017175280.1,KAG9273923.1,SAMD7
SATB2,NP_001345509.1,KAG9271051.1,SATB2
SCD1,NP_033153.2,KAG9275361.1,KAG9275361.1
SELENOW,NP_033182.1,KAG9282069.1,SELENOW
SEMA3C,NP_038685.3,KAG9280478.1,SEMA3C
SERPINE1,NP_032897.2,KAG9274257.1,SERPINE1
SERPINE2,XP_006496522.1,KAG9264800.1,SERPINE2
SERPINH1,NP_033955.2,KAG9264894.1,SERPINH1
SESN1,NP_001156380.1,KAG9282498.1,SESN1
SETD7,NP_542983.3,KAG9272260.1,SETD7
SETDB1,XP_036019318.1,KAG9275857.1,SETDB1B
SFRP1,NP_038862.2,KAG9261458.1,SFRP1
SFRP1,NP_038862.2,KAG9275320.1,SFRP5
SFRP2,NP_033170.1,KAG9259978.1,SFRP2
SFTPB,NP_680088.1,KAG9261376.1,PSAP
SGK1,NP_001155317.2,KAG9269795.1,SGK1
SH3BP2,NP_001139330.1,KAG9263449.1,SH3BP2
SHC1,NP_001106802.1,KAG9275877.1,SHC1
SHH,NP_033196.1,KAG9273628.1,SHHA
SHH,NP_033196.1,KAG9278398.1,SHHB
SHOX2,NP_001289286.1,KAG9278537.1,SHOX2
SHROOM3,NP_056571.2,KAG9266047.1,SHROOM3
SIAH1B,NP_033199.1,KAG9273168.1,SIAH1
SIM1,XP_006512689.1,KAG9276472.1,KAG9276472.1
SIN3A,NP_001103820.1,KAG9280709.1,SIN3A
SIN3B,NP_033214.2,KAG9270180.1,SIN3B
SIRT6,NP_001365873.1,KAG9278622.1,SIRT6
SIS,NP_001074606.1,KAG9272875.1,MGAM
SKIL,NP_001385489.1,KAG9273920.1,SKIL
SLA2,NP_084259.1,KAG9269489.1,SLA2
SLC10A2,NP_035518.1,KAG9271177.1,SLC10A2
SLC12A3,XP_017168114.1,KAG9273155.1,SLC12A3
SLC12A5,NP_001342409.1,KAG9270343.1,SLC12A5
SLC12A5,NP_001342409.1,KAG9276947.1,SLC12A5
SLC18A2,NP_766111.1,KAG9268343.1,SLC18A2
SLC19A2,NP_473428.1,KAG9277916.1,SLC19A2
SLC1A2,NP_001070982.1,KAG9281077.1,SLC1A2
SLC20A1,XP_036015794.1,KAG9263337.1,SLC20A1B
SLC25A20,NP_065266.1,KAG9269844.1,SLC25A20
SLC25A4,NP_031476.3,KAG9259683.1,SLC25A4
SLC25A4,NP_031476.3,KAG9271108.1,SLC25A5
SLC25A4,NP_031476.3,KAG9272679.1,SLC25A5
SLC25A4,NP_031476.3,KAG9281584.1,SLC25A5
SLC27A1,XP_030099434.1,KAG9262833.1,SLC27A1
SLC27A1,XP_030099434.1,KAG9279013.1,SLC27A1
SLC2A1,NP_035530.2,KAG9269655.1,SLC2A1
SLC2A1,NP_035530.2,KAG9277025.1,SLC2A1
SLC2A2,NP_112474.2,KAG9264708.1,SLC2A2
SLC39A10,XP_006495995.1,KAG9271273.1,SLC39A10
SLC40A1,XP_017177198.1,KAG9271716.1,SLC40A1
SLC5A1,NP_062784.3,KAG9263321.1,SLC5A1
SLC5A1,NP_062784.3,KAG9263322.1,SLC5A1
SLC5A2,NP_573517.1,KAG9264863.1,SLC5A2
SLC6A6,XP_030111164.1,KAG9270043.1,SLC6A6
SLC7A1,NP_031539.3,KAG9263572.1,SLC7A1
SLC7A1,NP_031539.3,KAG9265007.1,SLC7A1
SLC7A5,NP_035534.2,KAG9272043.1,SLC7A5
SLC9A2,NP_001028461.2,KAG9271331.1,SLC9A2
SMAD1,NP_032565.2,KAG9272517.1,KAG9272517.1
SMAD1,NP_032565.2,KAG9275693.1,KAG9275693.1
SMAD3,NP_058049.3,KAG9260855.1,KAG9260855.1
SMAD3,NP_058049.3,KAG9273192.1,KAG9273192.1
SMAD6,NP_032568.3,KAG9273191.1,KAG9273191.1
SMAD9,XP_036019060.1,KAG9263709.1,KAG9263709.1
SMARCA2,NP_001392063.1,KAG9261732.1,SMARCA2
SMARCA4,XP_011240739.1,KAG9264330.1,SMARCA4
SMARCA4,XP_011240739.1,KAG9277505.1,SMARCA4
SMARCA5,NP_444354.2,KAG9275685.1,SMARCA5
SMARCC1,NP_033237.2,KAG9259545.1,SMARCC1
SMARCC1,NP_033237.2,KAG9283877.1,SMARCC1
SMARCD3,XP_006535861.2,KAG9273949.1,SMARCD3
SMC3,NP_031816.2,KAG9261141.1,SMC3
SMYD1,NP_033892.2,KAG9270644.1,SMYD1
SNAI1,NP_035557.1,KAG9269893.1,KAG9269893.1
SNRPN,NP_001336624.1,KAG9276959.1,SNRPB
SOCS2,XP_017169385.1,KAG9280665.1,SOCS2
SOD3,NP_035565.1,KAG9275731.1,SOD3
SORT1,XP_006501286.3,KAG9270775.1,SORT1
SOX14,NP_035570.1,KAG9277769.1,SOX14
SOX18,NP_033262.2,KAG9269493.1,SOX18
SOX2,NP_035573.3,KAG9266914.1,SOX2
SOX6,XP_036008736.1,KAG9267169.1,SOX6
SP3,NP_001018052.1,KAG9271460.1,SP3
SP5,NP_071880.1,KAG9271443.1,SP5
SP9,NP_001396512.1,KAG9271461.1,SP9
SPEN,XP_036020160.1,KAG9269685.1,SPEN
SPHK2,XP_036009169.1,KAG9276358.1,SPHK2
SPI1,NP_001365827.1,KAG9260881.1,SPI1
SPRY1,NP_036026.1,KAG9263770.1,KAG9263770.1
SRC,XP_030104859.1,KAG9269122.1,SRC
SRXN1,XP_036018567.1,KAG9270878.1,SRXN1
SSB,NP_001103615.1,KAG9277822.1,SSB
ST18,XP_030109821.1,KAG9275786.1,ST18
ST3GAL5,NP_001397280.1,KAG9272769.1,ST3GAL5
ST8SIA1,NP_035504.2,KAG9280440.1,ST8SIA1
ST8SIA2,NP_001404191.1,KAG9273270.1,ST8SIA2
STAR,NP_035615.2,KAG9270548.1,STAR
STARD5,NP_075866.2,KAG9266541.1,STARD5
STAT1,NP_001192242.1,KAG9261109.1,STAT1
STK39,NP_001399474.1,KAG9271508.1,STK39
STK40,NP_001139299.1,KAG9276437.1,STK40
STMN1,NP_062615.1,KAG9276420.1,STMN1
STMN1,NP_062615.1,KAG9279285.1,KAG9279285.1
STRA8,NP_033318.1,KAG9280392.1,STRA8
SUFU,NP_056567.2,KAG9275156.1,KAG9275156.1
SUV39H1,NP_035644.1,KAG9270797.1,SUV39H1
SYN2,NP_001104485.1,KAG9260362.1,SYN2
SYN2,NP_001104485.1,KAG9269850.1,SYN2
SYP,NP_033331.2,KAG9270361.1,SYP
SYP,NP_033331.2,KAG9270710.1,SYP
SYT1,NP_001345435.1,KAG9280494.1,SYT1
TAF12,XP_036020207.1,KAG9276428.1,TAF12
TAGLN,NP_035656.1,KAG9278491.1,TAGLN
TAGLN,NP_035656.1,KAG9282140.1,TAGLN3
TAL1,NP_001412715.1,KAG9266623.1,TAL1
TAL2,NP_033343.1,KAG9261595.1,TAL2
TANK,NP_035659.1,KAG9271515.1,TANK
TBR1,NP_033348.2,KAG9271516.1,TBR1
TBX15,NP_033349.2,KAG9271363.1,TBX15
TBX18,NP_076303.3,KAG9269782.1,TBX18
TBX19,NP_114394.1,KAG9277554.1,TBX19
TBX20,NP_919239.1,KAG9259560.1,TBX20
TBX20,NP_919239.1,KAG9283893.1,TBX20
TBX3,NP_035665.2,KAG9281885.1,TBX3
TBX5,XP_006530342.1,KAG9281886.1,TBX5A
TCF21,NP_035675.1,KAG9269792.1,TCF21
TCF7L2,XP_006526923.1,KAG9267884.1,TCF7L2
TCFL5,NP_839985.2,KAG9269900.1,TCFL5
TDO2,NP_064295.2,KAG9266464.1,TDO2B
TDO2,NP_064295.2,KAG9272349.1,TDO2A
TEC,NP_001106932.1,KAG9269412.1,TEC
TEK,NP_038718.2,KAG9281652.1,TIE2
TESC,NP_067319.2,KAG9281812.1,TESC
TET2,XP_006501350.1,KAG9275768.1,TET2
TFAM,XP_017169407.1,KAG9267303.1,TFAM
TFAP2B,XP_006495557.1,KAG9282341.1,TFAP2B
TFDP1,XP_017168146.1,KAG9271114.1,TFDP1
TFE3,NP_766060.2,KAG9270057.1,MITF
TGFB1,NP_035707.1,KAG9265568.1,TGFB1
TGFB1,NP_035707.1,KAG9278551.1,TGFB1
TGFB1I1,XP_036008777.1,KAG9267263.1,TGFB1I1
TGFB2,NP_033393.2,KAG9276393.1,TGFB2
TGFBR2,NP_083851.3,KAG9276378.1,TGFBR2
TH,NP_033403.1,KAG9281130.1,TH
THBD,NP_033404.1,KAG9282552.1,THBD
THBS1,NP_035710.2,KAG9268175.1,THBS1
THBS1,NP_035710.2,KAG9282952.1,THBS1
THRAP3,NP_001343384.1,KAG9276434.1,THRAP3
THY1,NP_033408.1,KAG9265599.1,THY1
TIAL1,NP_001334569.1,KAG9275426.1,TIAL1
TIMP3,NP_035725.1,KAG9280582.1,TIMP3
TINAGL1,NP_075965.2,KAG9279814.1,TINAGL1
TJP1,XP_006540849.1,KAG9260940.1,TJP1
TJP1,XP_006540849.1,KAG9280974.1,TJP1
TLE3,NP_001077396.1,KAG9260860.1,TLE3B
TLE3,NP_001077396.1,KAG9273201.1,TLE3A
TLL1,NP_033416.2,KAG9259816.1,TLL1
TLR2,XP_030108471.1,KAG9262273.1,TLR2-2
TLR2,XP_030108471.1,KAG9262274.1,TLR2-2
TLR3,NP_001344245.1,KAG9259676.1,TLR3
TLR4,NP_067272.1,KAG9275236.1,TLR4
TLR4,NP_067272.1,KAG9275237.1,TLR4
TLX1,XP_006526978.1,KAG9272568.1,TLX3
TLX1,XP_006526978.1,KAG9275394.1,TLX1
TLX2,NP_033418.1,KAG9272568.1,TLX3
TMEM50A,NP_001406138.1,KAG9274861.1,TMEM50A
TNFAIP3,NP_001159874.1,KAG9275059.1,TNFAIP3
TNFRSF18,NP_033426.1,KAG9276885.1,TNFRSF18
TNFSF10,NP_033451.1,KAG9283461.1,TNFSF10
TNFSF13B,NP_296371.1,KAG9271156.1,TNFSF13B
TNS1,NP_001276824.1,KAG9271645.1,TNS
TOLLIP,NP_076253.1,KAG9266487.1,TOLLIP
TPH1,XP_036008805.1,KAG9280804.1,TPH
TPH2,NP_775567.2,KAG9259371.1,TPH2
TPH2,NP_775567.2,KAG9273140.1,TPH2
TPR,NP_598541.3,KAG9264781.1,TPR
TPR,NP_598541.3,KAG9282612.1,TPR
TRF,NP_598738.1,KAG9278863.1,TF2
TRIM32,XP_030109625.1,KAG9281616.1,TRIM32
TRP53BP1,XP_036018161.1,KAG9261303.1,TP53BP1
TRP53INP1,NP_068697.1,KAG9276138.1,TP53INP1
TRP73,XP_006538783.2,KAG9270332.1,TP73
TRPM1,NP_001034193.2,KAG9267203.1,TRPM1
TRPM1,NP_001034193.2,KAG9281001.1,TRPM1
TRRAP,XP_006504844.1,KAG9267683.1,TRRAP
TSC1,XP_006498283.1,KAG9266287.1,TSC1
TSC22D3,NP_001070832.1,KAG9272533.1,TSC22D3
TSHB,XP_017175024.1,KAG9277040.1,TSHB
TTF2,XP_036019253.1,KAG9271375.1,TTF2
TWIST2,NP_031881.1,KAG9271636.1,TWIST2
TXLNG,NP_001277705.1,KAG9266682.1,TXLNG
TXNIP,NP_001009935.1,KAG9279544.1,TXNIP
TYMS,NP_067263.1,KAG9274070.1,TYMS
TYR,NP_035791.1,KAG9263668.1,TYR
TYR,NP_035791.1,KAG9265280.1,TYR
TYROBP,NP_035792.1,KAG9275936.1,TYROBP
TYRP1,XP_006537844.1,KAG9259950.1,TYRP1
UBE2K,NP_058066.2,KAG9259930.1,UBE2K
UBE2K,NP_058066.2,KAG9263778.1,UBE2K
UCP2,NP_035801.3,KAG9263071.1,UCP2
UCP2,NP_035801.3,KAG9263072.1,UCP2
UCP3,NP_033490.1,KAG9275680.1,UCP2
UGT1A6A,NP_659545.2,KAG9271745.1,UGT1A5
UNC5B,NP_001346202.1,KAG9275375.1,UNC5B-B
UNCX,NP_038730.1,KAG9279973.1,KAG9279973.1
UNG,NP_001035781.1,KAG9261399.1,UNG
UPF3B,NP_080849.1,KAG9272695.1,UPF3B
UPP1,NP_033503.2,KAG9276064.1,UPP1
USF1,XP_030108912.1,KAG9265126.1,USF1
USP17LA,NP_031913.1,KAG9264049.1,USP42
USP17LA,NP_031913.1,KAG9276804.1,USP42
USP17LA,NP_031913.1,KAG9278413.1,USP42
USP17LA,NP_031913.1,KAG9278423.1,USP42
USP17LE,XP_011240180.1,KAG9264049.1,USP42
USP17LE,XP_011240180.1,KAG9276804.1,USP42
USP17LE,XP_011240180.1,KAG9278413.1,USP42
USP17LE,XP_011240180.1,KAG9278423.1,USP42
USP18,NP_036039.2,KAG9280560.1,USP18
UTRN,NP_035812.3,KAG9269236.1,UTRN
VAV3,NP_001365916.1,KAG9276798.1,VAV3
VAX2,NP_036042.1,KAG9274535.1,VAX2
VEGFC,NP_033532.1,KAG9275723.1,VEGFC
VEGFD,NP_034346.1,KAG9261022.1,VEGFD
VHL,NP_033533.1,KAG9277168.1,VHL
VIM,NP_035831.2,KAG9276490.1,VIM
VSX1,NP_473409.1,KAG9259473.1,VSX1
VSX1,NP_473409.1,KAG9268431.1,VSX1
VWF,NP_035838.3,KAG9272994.1,VWF
WBP1,NP_001077392.1,KAG9259459.1,WBP1
WBP1,NP_001077392.1,KAG9281880.1,WBP1
WEE1,NP_033542.2,KAG9273133.1,WEE1-B
WNT10A,NP_033544.1,KAG9271791.1,WNT10A
WNT11,NP_001272721.1,KAG9263186.1,WNT11
WNT4,NP_033549.1,KAG9260261.1,WNT4A
WNT7A,NP_033553.2,KAG9269862.1,WNT7A
WNT8B,NP_035850.3,KAG9275362.1,WNT8B
WT1,NP_659032.3,KAG9271989.1,WT1-A
WWP1,NP_796301.2,KAG9276719.1,WWP1
WWTR1,NP_001161753.1,KAG9266413.1,WWTR1
XIAP,XP_011249278.1,KAG9272543.1,XIAP
XPC,NP_033557.2,KAG9270905.1,XPC
XRCC1,NP_033558.3,KAG9283919.1,XRCC1
XRCC5,XP_006495955.1,KAG9271653.1,XRCC5
YAP1,NP_033560.1,KAG9272827.1,YAP1
ZBTB16,NP_001351472.1,KAG9265632.1,ZBTB16A
ZBTB17,NP_001365755.1,KAG9269680.1,ZBTB17
ZBTB18,NP_001342027.1,KAG9275144.1,ZBTB18
ZBTB2,NP_001346740.1,KAG9283010.1,ZBTB2
ZBTB33,NP_001072981.1,KAG9272698.1,ZBTB33
ZBTB38,XP_006511252.1,KAG9272914.1,ZBTB38
ZBTB7A,NP_034861.3,KAG9266866.1,ZBTB7A
ZBTB7B,NP_001342140.1,KAG9276285.1,ZBTB7B
ZEB2,NP_001342220.1,KAG9277544.1,ZEB2
ZFP143,NP_001361547.1,KAG9273134.1,ZNF143
ZFP281,NP_001153723.1,KAG9267724.1,ZNF281
ZFP335,NP_950192.2,KAG9270761.1,ZNF335
ZFP36,NP_035886.1,KAG9264848.1,ZFP36
ZFP423,XP_030099736.1,KAG9273163.1,ZNF423
ZHX3,NP_796237.2,KAG9269886.1,ZHX3
ZIC1,NP_001363870.1,KAG9276754.1,ZIC1
ZIC3,NP_033601.2,KAG9272666.1,ZIC3
