,Source_ortolog,Target_ortolog,Interaction,ID_source,ID_target,Grupo_interaccion
0,AIRE,BMP2,?,34,90,34-90
1,ANKRD1,MYL2,-,46,618,46-618
2,ANKRD1,MYL2,-,46,618,46-618
3,APBB1,LRP1,-,49,550,49-550
4,APBB1,KAG9261813.1,?,49,664,49-664
5,ARID3A,CSMD3,?,50,179,50-179
6,ARL6IP5,PARP1,-,53,709,53-709
7,ARL6IP5,XRCC1,+,53,1047,53-1047
8,ARX,KDM5C,?,55,510,55-510
9,ARX,SHHA,+,55,864,55-864
10,ARX,SHHB,+,55,864,55-864
11,KAG9280174.1,CDKN2D,+,57,148,57-148
12,KAG9280174.1,DLC,?,57,240,57-240
13,KAG9280174.1,DLL4,+,57,241,57-241
14,KAG9280174.1,PDGFRA,+,57,723,57-723
15,KAG9280174.1,PHOX2A,+,57,735,57-735
16,KAG9280174.1,RND3,+,57,836,57-836
17,KAG9280174.1,RND3,+,57,836,57-836
18,KAG9280174.1,TPH2,+,57,993,57-993
19,KAG9280174.1,TPH2,+,57,993,57-993
20,ASH1L,TGFB1,?,58,965,58-965
21,ASH1L,TGFB1,?,58,965,58-965
22,ATF3,ATF3,-,60,60,60-60
23,ATF3,CCND1,+,60,124,60-124
24,ATF3,GCK,?,60,365,60-365
25,ATF3,PDX1,-,60,727,60-727
26,ATF3,SORT1,-,60,910,60-910
27,ATF6,HSPA5,+,61,442,61-442
28,ATF6,WBP1,+,61,1035,61-1035
29,ATF6,WBP1,+,61,1035,61-1035
30,BACH2,PRDM1,-,74,770,74-770
31,BARX2,ACTBA,?,77,19,77-19
32,BARX2,ACTC1,?,77,19,77-19
33,BARX2,ACTC1,?,77,19,77-19
34,BARX2,ACTBB,?,77,19,77-19
35,BARX2,L1CAM,+,77,522,77-522
36,BARX2,L1CAM,?,77,522,77-522
37,BARX2,PAX1,?,77,710,77-710
38,KAG9276480.1,CCND1,?,81,124,81-124
39,KAG9276480.1,CXCL11.6,?,81,202,81-202
40,KAG9276480.1,NFKB1,-,81,648,81-648
41,KAG9276480.1,NFKB1,?,81,648,81-648
42,KAG9276480.1,NFKB2,?,81,649,81-649
43,KAG9276480.1,NOS1,?,81,662,81-662
44,KAG9276480.1,TNFAIP3,+,81,986,81-986
45,BMI1B,CDK1,?,89,140,89-140
46,BMI1A,CDK1,?,89,140,89-140
47,BMI1B,CDKN2D,-,89,148,89-148
48,BMI1A,CDKN2D,-,89,148,89-148
49,BMI1B,DKK1,?,89,237,89-237
50,BMI1A,DKK1,?,89,237,89-237
51,BMI1B,IKZF1,-,89,462,89-462
52,BMI1A,IKZF1,-,89,462,89-462
53,BMI1B,NFKB1,+,89,648,89-648
54,BMI1A,NFKB1,+,89,648,89-648
55,BMI1B,PTEN,?,89,784,89-784
56,BMI1B,PTEN,?,89,784,89-784
57,BMI1A,PTEN,?,89,784,89-784
58,BMI1A,PTEN,?,89,784,89-784
59,BTG1,CREB1,+,99,182,99-182
60,BTG1,CREB1,+,99,182,99-182
61,CEBPA,BCL2,+,151,79,151-79
62,CEBPA,BCL2,+,151,79,151-79
63,CEBPA,CFLAR,+,151,155,151-155
64,CEBPA,CRABP2,-,151,181,151-181
65,CEBPA,MSTNB,?,151,602,151-602
66,CEBPA,NFKB1,+,151,648,151-648
67,CEBPA,NR1H3,?,151,674,151-674
68,CEBPA,PCK1,+,151,717,151-717
69,CEBPA,PTGS2,+,151,790,151-790
70,CEBPA,PTGS2,?,151,790,151-790
71,CEBPA,SPI1,?,151,920,151-920
72,CEBPA,ZBTB16A,?,151,1050,151-1050
73,CEBPG,CEBPA,-,152,151,152-151
74,CHD4,JUN,-,159,502,159-502
75,CHD7,JAG1B,+,160,498,160-498
76,CITED3,CEBPA,+,166,151,166-151
77,CITED3,LDHBA,+,166,528,166-528
78,CITED3,LDHBB,+,166,528,166-528
79,CITED3,LDHD,+,166,529,166-529
80,CITED3,MMP9,+,166,596,166-596
81,CITED3,PDK2,+,166,726,166-726
82,CITED3,PPARG,+,166,765,166-765
83,CITED3,KAG9260855.1,+,166,896,166-896
84,CITED3,KAG9273192.1,+,166,896,166-896
85,CITED3,WNT4A,+,166,1039,166-1039
86,CLOCK,BHLHE40,+,173,85,173-85
87,CLOCK,BHLHE41,+,173,86,173-86
88,CLOCK,BHLHE40,?,173,85,173-85
89,CLOCK,BHLHE41,?,173,86,173-86
90,CLOCK,CRY1,+,173,189,173-189
91,CLOCK,CRY2,+,173,190,173-190
92,CLOCK,NR0B2,+,173,673,173-673
93,CLOCK,NR0B2,+,173,673,173-673
94,CLOCK,KAG9278600.1,+,173,729,173-729
95,CLOCK,SERPINE1,+,173,852,173-852
96,CLOCK,SERPINE2,+,173,853,173-853
97,CLOCK,THBD,?,173,970,173-970
98,CLOCK,VWF,?,173,1034,173-1034
99,CREB1,ACSL4,?,182,16,182-16
100,CREB1,ACSL4,?,182,16,182-16
101,CREB1,BCL2,?,182,79,182-79
102,CREB1,BCL2,?,182,79,182-79
103,CREB1,BCL2,?,182,79,182-79
104,CREB1,BCL2,?,182,79,182-79
105,CREB1,CFTR,?,182,156,182-156
106,CREB1,CFTR,?,182,156,182-156
107,CREB1,CLDN11,?,182,169,182-169
108,CREB1,CLDN11,?,182,169,182-169
109,CREB1,CLDN11,?,182,169,182-169
110,CREB1,CLDN11,?,182,169,182-169
111,CREB1,CRTC2,?,182,188,182-188
112,CREB1,CRTC2,?,182,188,182-188
113,CREB1,ENTPD1,+,182,291,182-291
114,CREB1,ENTPD1,+,182,291,182-291
115,CREB1,ESR1,?,182,299,182-299
116,CREB1,ESR1,?,182,299,182-299
117,CREB1,HSPA5,+,182,442,182-442
118,CREB1,HSPA5,+,182,442,182-442
119,CREB1,IL10,+,182,463,182-463
120,CREB1,IL10,+,182,463,182-463
121,CREB1,LDHA,?,182,527,182-527
122,CREB1,LDHA,?,182,527,182-527
123,CREB1,MIF,+,182,586,182-586
124,CREB1,MIF,+,182,586,182-586
125,CREB1,MITF,+,182,588,182-588
126,CREB1,MITF,+,182,588,182-588
127,CREB1,MITF,+,182,588,182-588
128,CREB1,MITF,+,182,588,182-588
129,CREB1,NMNAT2,?,182,657,182-657
130,CREB1,NMNAT2,?,182,657,182-657
131,CREB1,NOCT,+,182,658,182-658
132,CREB1,NOCT,+,182,658,182-658
133,CREB1,NRF1,?,182,685,182-685
134,CREB1,NRF1,?,182,685,182-685
135,CREB1,PDE3B,?,182,721,182-721
136,CREB1,PDE3B,?,182,721,182-721
137,CREB1,PENK,?,182,728,182-728
138,CREB1,PENK,?,182,728,182-728
139,CREB1,PTGS2,+,182,790,182-790
140,CREB1,PTGS2,+,182,790,182-790
141,CREB1,PTGS2,?,182,790,182-790
142,CREB1,PTGS2,?,182,790,182-790
143,CREB1,NECTIN2,?,182,638,182-638
144,CREB1,NECTIN2,?,182,638,182-638
145,CREB1,REN,+,182,820,182-820
146,CREB1,REN,+,182,820,182-820
147,CREB1,SLC20A1B,+,182,881,182-881
148,CREB1,SLC20A1B,+,182,881,182-881
149,CREB3L4,EDEM1,+,185,272,185-272
150,CRY1,KAG9278600.1,?,189,729,189-729
151,CTCF,IGF2,?,195,456,195-456
152,CTCF,IGF2,?,195,456,195-456
153,CTCF,PAX6A,-,195,714,195-714
154,CTCF,PAX6A,?,195,714,195-714
155,CTNNB1,CASP3,?,197,110,197-110
156,CTNNB1,CASP3,?,197,110,197-110
157,CTNNB1,CASP3,?,197,110,197-110
158,CTNNB1,CASP3,?,197,110,197-110
159,CTNNB1,CCND1,+,197,124,197-124
160,CTNNB1,CCND1,+,197,124,197-124
161,CTNNB1,CCND1,?,197,124,197-124
162,CTNNB1,CCND1,?,197,124,197-124
163,CTNNB1,CCNE1,+,197,126,197-126
164,CTNNB1,CCNE1,+,197,126,197-126
165,CTNNB1,CDX4,?,197,150,197-150
166,CTNNB1,CDX4,?,197,150,197-150
167,CTNNB1,CYP19A1,+,197,209,197-209
168,CTNNB1,CYP19A1,+,197,209,197-209
169,CTNNB1,CYP2G1,+,197,217,197-217
170,CTNNB1,CYP2G1,+,197,217,197-217
171,CTNNB1,EPHB2,?,197,295,197-295
172,CTNNB1,EPHB2,?,197,295,197-295
173,CTNNB1,EPHB2,?,197,295,197-295
174,CTNNB1,EPHB2,?,197,295,197-295
175,CTNNB1,FGF8A,?,197,323,197-323
176,CTNNB1,FGF8A,?,197,323,197-323
177,CTNNB1,FGFBP1,+,197,324,197-324
178,CTNNB1,FGFBP1,+,197,324,197-324
179,CTNNB1,VEGFD,+,197,1030,197-1030
180,CTNNB1,VEGFD,+,197,1030,197-1030
181,CTNNB1,FOXA2,-,197,333,197-333
182,CTNNB1,FOXA2,-,197,333,197-333
183,CTNNB1,GJA1,+,197,372,197-372
184,CTNNB1,GJA1,+,197,372,197-372
185,CTNNB1,GJA1,?,197,372,197-372
186,CTNNB1,GJA1,?,197,372,197-372
187,CTNNB1,GLUL,+,197,380,197-380
188,CTNNB1,GLUL,+,197,380,197-380
189,CTNNB1,GLUL,+,197,380,197-380
190,CTNNB1,GLUL,+,197,380,197-380
191,CTNNB1,GREM2,+,197,386,197-386
192,CTNNB1,GREM2,+,197,386,197-386
193,CTNNB1,IHHB,-,197,460,197-460
194,CTNNB1,IHHB,-,197,460,197-460
195,CTNNB1,INHA,?,197,473,197-473
196,CTNNB1,INHA,?,197,473,197-473
197,CTNNB1,LEF1,+,197,530,197-530
198,CTNNB1,LEF1,+,197,530,197-530
199,CTNNB1,CGBB,+,197,534,197-534
200,CTNNB1,CGBB,+,197,534,197-534
201,CTNNB1,MET,?,197,582,197-582
202,CTNNB1,MET,?,197,582,197-582
203,CTNNB1,MITF,?,197,588,197-588
204,CTNNB1,MITF,?,197,588,197-588
205,CTNNB1,MITF,?,197,588,197-588
206,CTNNB1,MITF,?,197,588,197-588
207,CTNNB1,MMP13,+,197,592,197-592
208,CTNNB1,MMP13,+,197,592,197-592
209,CTNNB1,MYF-5,+,197,615,197-615
210,CTNNB1,MYF-5,+,197,615,197-615
211,CTNNB1,PDGFRA,?,197,723,197-723
212,CTNNB1,PDGFRA,?,197,723,197-723
213,CTNNB1,PITX3,+,197,740,197-740
214,CTNNB1,PITX3,+,197,740,197-740
215,CTNNB1,PTGS2,+,197,790,197-790
216,CTNNB1,PTGS2,+,197,790,197-790
217,CTNNB1,PTGS2,?,197,790,197-790
218,CTNNB1,PTGS2,?,197,790,197-790
219,CTNNB1,SLC2A1,+,197,885,197-885
220,CTNNB1,SLC2A1,+,197,885,197-885
221,CTNNB1,SLC2A1,+,197,885,197-885
222,CTNNB1,SLC2A1,+,197,885,197-885
223,CTNNB1,SMC3,?,197,904,197-904
224,CTNNB1,SMC3,?,197,904,197-904
225,CTNNB1,TBX3,?,197,951,197-951
226,CTNNB1,TBX3,?,197,951,197-951
227,CTNNB1,WNT4A,?,197,1039,197-1039
228,CTNNB1,WNT4A,?,197,1039,197-1039
229,CUX2,CDKN1B,?,201,146,201-146
230,KAG9265489.1,MYOG,-,223,623,223-623
231,DLX1A,ARX,+,242,55,242-55
232,DLX2A,ARX,+,243,55,243-55
233,DLX2A,DLX6A,+,243,245,243-245
234,DLX2A,NRP2,-,243,688,243-688
235,DLX2A,NRP2,-,243,688,243-688
236,DLX2A,PAGR1,?,243,705,243-705
237,DLX5A,KAG9260765.1,+,244,40,244-40
238,DLX5A,GBX2,?,244,363,244-363
239,DMAP1,BMI1B,?,246,89,246-89
240,DMAP1,BMI1A,?,246,89,246-89
241,DMRT1,SOX2,-,249,913,249-913
242,DMRT2,MYF-5,+,250,615,250-615
243,DNMT1,DNMT1,?,255,255,255-255
244,DTX1,SMARCC1,-,262,902,262-902
245,DTX1,SMARCC1,-,262,902,262-902
246,E2F2,CHEK1,-,266,161,266-161
247,E2F2,ECE1,?,266,271,266-271
248,E2F2,MCM5,-,266,570,266-570
249,E2F4,E2F2,+,267,266,267-266
250,E2F4,FGF2,?,267,316,267-316
251,E2F4,MYBL2,+,267,612,267-612
252,E2F4,PLK4,?,267,750,267-750
253,E2F4,KAG9282298.1,-,267,802,267-802
254,E2F4,STMN1,?,267,934,267-934
255,E2F4,KAG9279285.1,?,267,934,267-934
256,EGR2B,FASLG,-,276,308,276-308
257,EGR2B,HOXA2B,+,276,435,276-435
258,EGR2B,NAB1,+,276,627,276-627
259,EGR2B,ZBTB16A,+,276,1050,276-1050
260,EGR2B,ZBTB16A,-,276,1050,276-1050
261,EHMT1,CCND1,?,278,124,278-124
262,ELF3,TGFB1,?,282,965,282-965
263,ELF3,TGFB1,?,282,965,282-965
264,ELF3,TGFBR2,+,282,968,282-968
265,ELF3,TGFBR2,?,282,968,282-968
266,ELF4,DLX5A,-,283,244,283-244
267,ELF4,MAB21L2,+,283,554,283-554
268,ELF4,MAB21L1,+,283,554,283-554
269,EMX2,ALX1,+,286,41,286-41
270,EMX2,PAX6A,-,286,714,286-714
271,EN1,GBX2,-,287,363,287-363
272,EN1,PAX5,+,287,713,287-713
273,EN1,WNT7A,-,287,1040,287-1040
274,ENG2B,PAX5,+,288,713,288-713
275,EOMES,PRF1,?,292,779,292-779
276,EOMES,PRF1,?,292,779,292-779
277,EOMES,PRF1,?,292,779,292-779
278,EOMES,SOX2,-,292,913,292-913
279,EPOR,CISH,+,297,165,297-165
280,EPOR,CISH,+,297,165,297-165
281,ERF,UTRN,-,298,1026,298-1026
282,ESR1,BMP2,+,299,90,299-90
283,ESR1,CASPA,?,299,109,299-109
284,ESR1,CASPA,?,299,109,299-109
285,ESR1,CCND1,?,299,124,299-124
286,ESR1,CYP19A1,?,299,209,299-209
287,ESR1,FASLG,+,299,308,299-308
288,ESR1,KAG9280168.1,+,299,454,299-454
289,ESR1,NR0B2,?,299,673,299-673
290,ESR1,NR0B2,?,299,673,299-673
291,ESR1,NRF1,+,299,685,299-685
292,ESR1,POU3F1,?,299,760,299-760
293,ESR1,PPARG,-,299,765,299-765
294,ESR1,PTGS1,+,299,789,299-789
295,ESR1,SLC7A1,?,299,892,299-892
296,ESR1,SLC7A1,?,299,892,299-892
297,ESR1,TH,+,299,969,299-969
298,ETS1,ANGPT2,+,301,44,301-44
299,ETS1,ANPEP,+,301,47,301-47
300,ETS1,ANPEP,+,301,47,301-47
301,ETS1,ANPEP,+,301,47,301-47
302,ETS1,CDH5,?,301,139,301-139
303,ETS1,CSF3R,+,301,192,301-192
304,ETS1,FOXP3,?,301,345,301-345
305,ETS1,IKZF1,+,301,462,301-462
306,ETS1,IL10,-,301,463,301-463
307,ETS1,KDR,+,301,511,301-511
308,ETS1,MET,?,301,582,301-582
309,ETS1,MMP13,+,301,592,301-592
310,ETS1,MMP9,?,301,596,301-596
311,ETS1,NPR1,+,301,671,301-671
312,ETS1,NPR1,+,301,671,301-671
313,ETS1,NPR1,?,301,671,301-671
314,ETS1,NPR1,?,301,671,301-671
315,ETS1,OPRD1,+,301,699,301-699
316,ETS1,OPRD1,+,301,699,301-699
317,ETS1,PRDM1,-,301,770,301-770
318,ETS1,PTGS2,+,301,790,301-790
319,ETS1,RNF11,+,301,837,301-837
320,ETS1,RNF11,+,301,837,301-837
321,ETS1,RUNX3,?,301,843,301-843
322,ETS1,TGFBR2,+,301,968,301-968
323,ETS1,THBD,?,301,970,301-970
324,ETS1,TLR4,+,301,982,301-982
325,ETS1,TLR4,+,301,982,301-982
326,ETS1,VWF,+,301,1034,301-1034
327,KAG9276949.1,MTOR,+,303,606,303-606
328,FMR1-A,RAC3,-,329,801,329-801
329,FMR1-A,RAC1,-,329,801,329-801
330,FMR1-A,RAC3,-,329,801,329-801
331,FMR1-A,RAC1,-,329,801,329-801
332,FOSB,MMP2,?,331,595,331-595
333,FOSL2,RELB,+,332,818,332-818
334,FOSL2,RELB,?,332,818,332-818
335,FOSL2,TGFB1,+,332,965,332-965
336,FOSL2,TGFB1,+,332,965,332-965
337,FOXA2,KAG9280174.1,-,333,57,333-57
338,FOXA2,CCL20,-,333,120,333-120
339,FOXA2,CDC73,?,333,134,333-134
340,FOXA2,GLI2,?,333,376,333-376
341,FOXA2,HADH,+,333,402,333-402
342,FOXA2,HELT,-,333,414,333-414
343,FOXA2,HHEX,?,333,422,333-422
344,FOXA2,LMX1B,+,333,548,333-548
345,FOXA2,KAG9263746.1,+,333,603,333-603
346,FOXA2,PDX1,+,333,727,333-727
347,FOXA2,PDX1,?,333,727,333-727
348,FOXA2,SOX2,-,333,913,333-913
349,FOXA2,ST18,?,333,925,333-925
350,FOXL2,CGBA,+,338,347,338-347
351,FOXM1,IKBKB,?,339,461,339-461
352,FOXM1,LAMA4,+,339,523,339-523
353,FOXM1,NFKB2,?,339,649,339-649
354,FOXM1,NR4A2,?,339,681,339-681
355,FOXM1,PTGS2,?,339,790,339-790
356,FOXM1,PSAP,?,339,860,339-860
357,FOXM1,KAG9269893.1,+,339,906,339-906
358,FOXM1,SOX2,?,339,913,339-913
359,FOXN4,DLL4,+,340,241,340-241
360,FOXO1B,ADIPOR1,+,341,27,341-27
361,FOXO1B,ADIPOR1,+,341,27,341-27
362,FOXO1A,ADIPOR1,+,341,27,341-27
363,FOXO1A,ADIPOR1,+,341,27,341-27
364,FOXO1B,KAG9260765.1,+,341,40,341-40
365,FOXO1A,KAG9260765.1,+,341,40,341-40
366,FOXO1B,ANGPT2,?,341,44,341-44
367,FOXO1A,ANGPT2,?,341,44,341-44
368,FOXO1B,BCL2L11,?,341,80,341-80
369,FOXO1A,BCL2L11,?,341,80,341-80
370,FOXO1B,CASP8,+,341,113,341-113
371,FOXO1A,CASP8,+,341,113,341-113
372,FOXO1B,CCL20,?,341,120,341-120
373,FOXO1A,CCL20,?,341,120,341-120
374,FOXO1B,CCND1,-,341,124,341-124
375,FOXO1A,CCND1,-,341,124,341-124
376,FOXO1B,CCND2,-,341,125,341-125
377,FOXO1A,CCND2,-,341,125,341-125
378,FOXO1B,CCNG2,+,341,127,341-127
379,FOXO1A,CCNG2,+,341,127,341-127
380,FOXO1B,CCR4,?,341,128,341-128
381,FOXO1A,CCR4,?,341,128,341-128
382,FOXO1B,CDKN1B,+,341,146,341-146
383,FOXO1A,CDKN1B,+,341,146,341-146
384,FOXO1B,FASLG,?,341,308,341-308
385,FOXO1A,FASLG,?,341,308,341-308
386,FOXO1B,FOXA2,?,341,333,341-333
387,FOXO1A,FOXA2,?,341,333,341-333
388,FOXO1B,FOXP3,?,341,345,341-345
389,FOXO1A,FOXP3,?,341,345,341-345
390,FOXO1B,CGBA,-,341,347,341-347
391,FOXO1A,CGBA,-,341,347,341-347
392,FOXO1B,GCK,-,341,365,341-365
393,FOXO1A,GCK,-,341,365,341-365
394,FOXO1B,IGFBP1,+,341,457,341-457
395,FOXO1A,IGFBP1,+,341,457,341-457
396,FOXO1B,IKZF1,+,341,462,341-462
397,FOXO1A,IKZF1,+,341,462,341-462
398,FOXO1B,INS,-,341,476,341-476
399,FOXO1B,INS,-,341,476,341-476
400,FOXO1A,INS,-,341,476,341-476
401,FOXO1A,INS,-,341,476,341-476
402,FOXO1B,KLF4,?,341,518,341-518
403,FOXO1A,KLF4,?,341,518,341-518
404,FOXO1B,CGBB,?,341,534,341-534
405,FOXO1A,CGBB,?,341,534,341-534
406,FOXO1B,LPL,+,341,549,341-549
407,FOXO1A,LPL,+,341,549,341-549
408,FOXO1B,MMP13,?,341,592,341-592
409,FOXO1A,MMP13,?,341,592,341-592
410,FOXO1B,PCK1,-,341,717,341-717
411,FOXO1A,PCK1,-,341,717,341-717
412,FOXO1B,PCK1,?,341,717,341-717
413,FOXO1A,PCK1,?,341,717,341-717
414,FOXO1B,PDK2,+,341,726,341-726
415,FOXO1A,PDK2,+,341,726,341-726
416,FOXO1B,PDX1,-,341,727,341-727
417,FOXO1A,PDX1,-,341,727,341-727
418,FOXO1B,PDX1,?,341,727,341-727
419,FOXO1A,PDX1,?,341,727,341-727
420,FOXO1B,PPARG,-,341,765,341-765
421,FOXO1A,PPARG,-,341,765,341-765
422,FOXO3,CCND1,-,342,124,342-124
423,FOXO3,CCND2,-,342,125,342-125
424,FOXO3,CCNG2,+,342,127,342-127
425,FOXO3,CDKN1B,+,342,146,342-146
426,FOXO3,GADD45A,+,342,354,342-354
427,FOXO4,BCL2L11,?,343,80,343-80
428,FOXO4,CCND1,-,343,124,343-124
429,FOXO4,CCND2,-,343,125,343-125
430,FOXO4,GADD45A,+,343,354,343-354
431,FOXO4,RBL2,+,343,811,343-811
432,FOXP1B,FGF16,+,344,315,344-315
433,FOXP1B,FGF9,+,344,317,344-317
434,FOXP1B,FGF3,+,344,320,344-320
435,FOXP1B,LHX3,?,344,536,344-536
436,FOXP3,CD28,+,345,196,345-196
437,FOXP3,CD28,?,345,196,345-196
438,FOXP3,NFKB1,?,345,648,345-648
439,FOXP3,B23,+,345,698,345-698
440,FOXP3,TNFRSF18,+,345,987,345-987
441,TAF15,MDM2,-,349,575,349-575
442,GABPB1,SOD3,+,351,909,351-909
443,GATA2,CGA,?,358,157,358-157
444,GATA2,FCER1G,+,358,310,358-310
445,GATA2,SPI1,-,358,920,358-920
446,GATA2,SPI1,-,358,920,358-920
447,GATA2,TAL1,?,358,943,358-943
448,GATA2,USP42,?,358,1023,358-1023
449,GATA2,USP42,?,358,1023,358-1023
450,GATA2,USP42,?,358,1023,358-1023
451,GATA2,USP42,?,358,1023,358-1023
452,GATA2,ZBTB7A,?,358,1056,358-1056
453,GATA2,ANGPT2,+,359,44,359-44
454,GATA2,CEBPA,-,359,151,359-151
455,GATA2,NKX6-1,?,359,656,359-656
456,GATA2,RC3H1,+,359,816,359-816
457,GATA2,SPI1,+,359,920,359-920
458,GATA2,SPI1,-,359,920,359-920
459,GATA2,KAG9273191.1,+,359,897,359-897
460,GATA2,SPI1,+,359,920,359-920
461,GATA2,SPI1,-,359,920,359-920
462,GATA2,SPI1,?,359,920,359-920
463,GATA2,TSHB,?,359,1004,359-1004
464,GATA3,DLC1,+,360,239,360-239
465,GATA3,FOXP3,?,360,345,360-345
466,GATA3,IL10,+,360,463,360-463
467,GATA3,RAG2,+,360,805,360-805
468,GATA3,RUNX3,-,360,843,360-843
469,GBX2,LHX9,-,363,539,363-539
470,GBX2,LMO3,-,363,546,363-546
471,GBX2,SHHA,+,363,864,363-864
472,GBX2,SHHB,+,363,864,363-864
473,GFI1,CDKN2B,-,369,147,369-147
474,GFI1,GFI1B,?,369,370,369-370
475,GFI1,SPI1,-,369,920,369-920
476,GFI1,ZBTB16A,?,369,1050,369-1050
477,GFI1B,ELF4,-,370,283,370-283
478,GFI1B,GFI1,?,370,369,370-369
479,GFI1B,GFI1B,?,370,370,370-370
480,GFI1B,RAG1,+,370,804,370-804
481,GFI1B,RAG2,+,370,805,370-805
482,GLI2,KAG9280174.1,+,376,57,376-57
483,GLI2,KAG9280174.1,?,376,57,376-57
484,GLI2,BMP2,+,376,90,376-90
485,GLI2,FGF19,?,376,314,376-314
486,GLI2,FKBP8,?,376,326,376-326
487,GLI2,FOXE1,-,376,335,376-335
488,GLI2,FOXE1,-,376,335,376-335
489,GLI2,IFITM5,+,376,451,376-451
490,GLI2,MYF-5,+,376,615,376-615
491,GLI2,MYF-5,?,376,615,376-615
492,GLI2,NDP,?,376,636,376-636
493,GLI2,PAX3-A,+,376,712,376-712
494,GLI2,SHHA,?,376,864,376-864
495,GLI2,SHHB,?,376,864,376-864
496,GLIS3,NEUROG3,+,378,644,378-644
497,GRIN1,KAG9272942.1,+,389,177,389-177
498,GRIN1,KAG9272942.1,+,389,177,389-177
499,GTF2B,HSPB1,?,396,443,396-443
500,GTF2H1,KEAP1B,+,397,512,397-512
501,GTF2IRD1,CSRP2,-,398,194,398-194
502,GTF2IRD1,FOLR1,-,398,330,398-330
503,GTF2IRD1,TGFB2,+,398,967,398-967
504,GTF2IRD1,TGFBR2,-,398,968,398-968
505,HAND2,DBH,?,403,224,403-224
506,HAND2,DLX5A,-,403,244,403-244
507,HAND2,DLX6A,-,403,245,403-245
508,HAND2,KAG9263746.1,?,403,603,403-603
509,HAND2,PHOX2B,+,403,736,403-736
510,HDAC1,AKAP12,-,410,35,410-35
511,HDAC2,AKAP12,-,410,35,410-35
512,HDAC1,CDC25A,-,410,133,410-133
513,HDAC2,CDC25A,-,410,133,410-133
514,HDAC1,CDKN1B,?,410,146,410-146
515,HDAC2,CDKN1B,?,410,146,410-146
516,HDAC1,THBS4,?,410,176,410-176
517,HDAC2,THBS4,?,410,176,410-176
518,HDAC1,JUN,?,410,502,410-502
519,HDAC2,JUN,?,410,502,410-502
520,HDAC1,PPARG,?,410,765,410-765
521,HDAC2,PPARG,?,410,765,410-765
522,HDAC1,RBL2,?,410,811,410-811
523,HDAC2,RBL2,?,410,811,410-811
524,HDAC1,RECK,?,410,817,410-817
525,HDAC2,RECK,?,410,817,410-817
526,HDAC1,STAR,?,410,929,410-929
527,HDAC2,STAR,?,410,929,410-929
528,HDAC11,IL10,-,411,463,411-463
529,HDAC1,BMP7,-,412,92,412-92
530,HDAC2,BMP7,-,412,92,412-92
531,HDAC1,CCNE1,-,412,126,412-126
532,HDAC2,CCNE1,-,412,126,412-126
533,HDAC1,GRM2,?,412,392,412-392
534,HDAC1,GRM2,?,412,392,412-392
535,HDAC2,GRM2,?,412,392,412-392
536,HDAC2,GRM2,?,412,392,412-392
537,HDAC1,SMARCA4,?,412,900,412-900
538,HDAC1,SMARCA4,?,412,900,412-900
539,HDAC2,SMARCA4,?,412,900,412-900
540,HDAC2,SMARCA4,?,412,900,412-900
541,HDAC1,STAR,?,412,929,412-929
542,HDAC2,STAR,?,412,929,412-929
543,HGF,MET,+,421,582,421-582
544,HGF,MET,+,421,582,421-582
545,HIVEP2,PPARG,+,425,765,425-765
546,HMGN3,SLC2A2,?,430,886,430-886
547,HNF1A,PXN1,?,432,187,432-187
548,HNF1A,CYP27A1,+,432,214,432-214
549,HNF1A,CYP27A1,+,432,214,432-214
550,HNF1A,CYP27A1,+,432,214,432-214
551,HNF1A,CYP2G1,-,432,216,432-216
552,HNF1A,CYP2G1,-,432,217,432-217
553,HNF1A,CYP2G1,+,432,218,432-218
554,HNF1A,CYP3A30,+,432,219,432-219
555,HNF1A,CYP7A1,-,432,220,432-220
556,HNF1A,CYP7B1,+,432,221,432-221
557,HNF1A,CYP8B1,-,432,222,432-222
558,HNF1A,GLB1,?,432,375,432-375
559,HNF1A,GUCA2A,+,432,399,432-399
560,HNF1A,GUCA2A,+,432,399,432-399
561,HNF1A,LCT,+,432,525,432-525
562,HNF1A,PCK1,+,432,717,432-717
563,HNF1A,PRDM1,-,432,770,432-770
564,HOXA1A,EPHA2,+,433,293,433-293
565,HOXA11B,MYOD1,-,434,622,434-622
566,HOXA11A,MYOD1,-,434,622,434-622
567,HOXA3A,HOXD3A,?,436,437,436-437
568,HTATIP2,KAG9280168.1,-,444,454,444-454
569,ID3,KAG9260765.1,-,446,40,446-40
570,ID3,KAG9261813.1,-,446,664,446-664
571,ID3,SMARCC1,-,446,902,446-902
572,ID3,SMARCC1,-,446,902,446-902
573,IKBKB,CCL19,+,461,119,461-119
574,IKBKB,CXCL11.6,+,461,202,461-202
575,IKBKB,CXCL8,+,461,204,461-204
576,IKBKB,NFKB1,+,461,648,461-648
577,IKBKB,NFKB1,?,461,648,461-648
578,IKBKB,PTGS2,+,461,790,461-790
579,IKZF1,KAG9269729.1,-,462,114,462-114
580,IKZF1,IL10,?,462,463,462-463
581,IKZF1,KAG9261813.1,?,462,664,462-664
582,IKZF1,OPRD1,?,462,699,462-699
583,IKZF1,OPRD1,?,462,699,462-699
584,IKZF1,OPRK1,-,462,700,462-700
585,IKZF1,OPRK1,-,462,700,462-700
586,IKZF1,RAG1,?,462,804,462-804
587,ILF3,CCNE1,+,469,126,469-126
588,ILK,MMP9,+,470,596,470-596
589,INSM1A,GATA2,+,478,359,478-359
590,INSM1A,LMX1B,+,478,548,478-548
591,INSM1A,TPH2,+,478,993,478-993
592,INSM1A,TPH2,+,478,993,478-993
593,IRF3,IFNA3,+,482,452,482-452
594,IRF3,KAG9279072.1,?,482,453,482-453
595,IRF3,SOCS2,+,482,908,482-908
596,IRF3,USP18,+,482,1025,482-1025
597,IRF5,PRDM1,+,483,770,483-770
598,IRF6,NECTIN4,+,484,639,484-639
599,IRF3,IFNA3,+,485,452,485-452
600,IRF3,KAG9279072.1,?,485,453,485-453
601,IRF3,NR1H4,?,485,675,485-675
602,IRF8,BCR,?,486,83,486-83
603,IRF8,CDKN2B,+,486,147,486-147
604,IRF8,CFLAR,?,486,155,486-155
605,IRF8,GAS2,-,486,357,486-357
606,IRF8,IL1B,+,486,466,486-466
607,IRF8,SPI1,?,486,920,486-920
608,IRX3,GJA1,-,488,372,488-372
609,JAZF1,MYF6,-,500,616,500-616
610,JMJD1C,CYP17A1,+,501,208,501-208
611,JUN,ANGPT2,+,502,44,502-44
612,JUN,ASAH1,?,502,56,502-56
613,JUN,B4GALNT1,+,502,72,502-72
614,JUN,KAG9276480.1,+,502,81,502-81
615,JUN,BMP2,?,502,90,502-90
616,JUN,CAT,+,502,115,502-115
617,JUN,CCND1,+,502,124,502-124
618,JUN,CCND1,-,502,124,502-124
619,JUN,CCND1,?,502,124,502-124
620,JUN,CCND2,+,502,125,502-125
621,JUN,CRF1,-,502,186,502-186
622,JUN,CTSE,?,502,199,502-199
623,JUN,CTSK,+,502,200,502-200
624,JUN,CXCL8,+,502,204,502-204
625,JUN,CYP11A1,+,502,207,502-207
626,JUN,CYP19A1,?,502,209,502-209
627,JUN,ESR1,?,502,299,502-299
628,JUN,FGF7,?,502,322,502-322
629,JUN,GCLC,+,502,366,502-366
630,JUN,SLC2A1,+,502,885,502-885
631,JUN,SLC2A1,+,502,885,502-885
632,JUN,KAG9279812.1,?,502,381,502-381
633,JUN,IL1B,?,502,466,502-466
634,JUN,JUN,+,502,502,502-502
635,JUN,JUN,?,502,502,502-502
636,JUN,MAF,+,502,557,502-557
637,JUN,MET,+,502,582,502-582
638,JUN,MMP13,?,502,592,502-592
639,JUN,MMP19,?,502,594,502-594
640,JUN,MMP19,?,502,594,502-594
641,JUN,MMP2,?,502,595,502-595
642,JUN,MMP9,+,502,596,502-596
643,JUN,MMP9,?,502,596,502-596
644,JUN,MYOD1,-,502,622,502-622
645,JUN,NCK2,?,502,632,502-632
646,JUN,NCK2,?,502,632,502-632
647,JUN,NCK2,?,502,632,502-632
648,JUN,NFE2L2,-,502,647,502-647
649,JUN,NFE2L2,?,502,647,502-647
650,JUN,NFKB1,+,502,648,502-648
651,JUN,NFKB1,?,502,648,502-648
652,JUN,NGF,?,502,652,502-652
653,JUN,PDK1,?,502,725,502-725
654,JUN,PENK,+,502,728,502-728
655,JUN,PHEX,?,502,733,502-733
656,JUN,PLAUR,?,502,746,502-746
657,JUN,PLAUR,?,502,746,502-746
658,JUN,PLIN2,?,502,748,502-748
659,JUN,PPP1R3B,+,502,769,502-769
660,JUN,PRDM1,?,502,770,502-770
661,JUN,PTGS2,+,502,790,502-790
662,JUN,PTGS2,?,502,790,502-790
663,JUN,NECTIN2,?,502,638,502-638
664,JUN,RELB,+,502,818,502-818
665,JUN,RELB,?,502,818,502-818
666,JUN,SERPINE1,+,502,852,502-852
667,JUN,SPI1,+,502,920,502-920
668,JUN,PSAP,-,502,860,502-860
669,JUN,PSAP,?,502,860,502-860
670,JUN,SRC,?,502,922,502-922
671,JUN,SRXN1,+,502,923,502-923
672,JUN,STAR,?,502,929,502-929
673,JUN,TGFB1,+,502,965,502-965
674,JUN,TGFB1,+,502,965,502-965
675,JUN,TPR,?,502,994,502-994
676,JUN,TPR,?,502,994,502-994
677,JUN,TP73,?,502,999,502-999
678,JUN,WEE1-B,?,502,1036,502-1036
679,JUNB,CCND1,-,503,124,503-124
680,JUNB,CTSK,+,503,200,503-200
681,JUNB,FOXP3,+,503,345,503-345
682,JUNB,MMP2,?,503,595,503-595
683,JUNB,MYL9,+,503,620,503-620
684,JUNB,MYL12A,+,503,620,503-620
685,JUNB,MYL12A,+,503,620,503-620
686,JUNB,MYL9,+,503,620,503-620
687,JUNB,SERPINE1,+,503,852,503-852
688,JUND,JUN,?,504,502,504-502
689,JUND,MMP2,?,504,595,504-595
690,KEAP1B,NFE2L2,-,512,647,512-647
691,KHDRBS1,ECE1,-,513,271,513-271
692,KLF4,PPARG,-,518,765,518-765
693,KLF4,RELN,+,518,819,518-819
694,KLF4,THBD,+,518,970,518-970
695,KLF3,ACTBA,?,519,18,519-18
696,KLF3,ACTC1,?,519,18,519-18
697,KLF3,ACTC1,?,519,18,519-18
698,KLF3,ACTBB,?,519,18,519-18
699,KLF3,CKM,+,519,167,519-167
700,KLF3,CKB,+,519,167,519-167
701,KLF3,CKM,+,519,167,519-167
702,KLF3,CKB,+,519,167,519-167
703,KLF3,HBB2,?,519,404,519-404
704,KLF3,HBB2,?,519,406,519-406
705,KLF3,BA1L//BA1,?,519,406,519-406
706,KLF3,HBB,?,519,406,519-406
707,KLF3,BA1L//BA1,?,519,406,519-406
708,KLF4,AGRP,+,520,31,520-31
709,KLF4,CCND2,+,520,125,520-125
710,KLF4,CDKN2B,+,520,147,520-147
711,KLF4,CDKN2B,+,520,147,520-147
712,KLF4,LEFTY2,+,520,531,520-531
713,KLF4,PTGS2,?,520,790,520-790
714,KLF4,RNF12-B,+,520,835,520-835
715,KLF4,SERPINE1,-,520,852,520-852
716,KLF7,NTRK1,+,521,690,521-690
717,KLF7,NTRK1,+,521,690,521-690
718,KLF7,NTRK1,?,521,690,521-690
719,KLF7,NTRK1,?,521,690,521-690
720,LBX1,PAX3-A,-,524,712,524-712
721,LBX1,SATB2,?,524,848,524-848
722,LDB1,ARX,?,526,55,526-55
723,LDB1,ARX,?,526,55,526-55
724,LDB1,BMP7,?,526,92,526-92
725,LDB1,BMP7,?,526,92,526-92
726,LDB1,KAG9280168.1,?,526,454,526-454
727,LDB1,KAG9280168.1,?,526,454,526-454
728,LDB1,LHX6,?,526,538,526-538
729,LDB1,LHX6,?,526,538,526-538
730,LEF1,CDX4,?,530,150,530-150
731,LEF1,COL11A1,+,530,175,530-175
732,LEF1,COL11A1,+,530,175,530-175
733,LEF1,CTNNB1,+,530,197,530-197
734,LEF1,CTNNB1,+,530,197,530-197
735,LEF1,DKK1,?,530,237,530-237
736,LEF1,MMP13,+,530,592,530-592
737,LEF1,NCAM1,?,530,630,530-630
738,LEF1,NCAM1,?,530,630,530-630
739,LEF1,PTGS2,+,530,790,530-790
740,LEF1,RAG2,?,530,805,530-805
741,LEF1,ZBTB16A,?,530,1050,530-1050
742,LHX2,CGA,+,535,157,535-157
743,LHX2,TSHB,+,535,1004,535-1004
744,LHX3,CGA,+,536,157,536-157
745,LHX3,CGA,?,536,157,536-157
746,LMO4,BMP7,+,547,92,547-92
747,LMO4,BMP7,-,547,92,547-92
748,LMX1B,FGF8A,?,548,323,548-323
749,LMX1B,NPHS2,+,548,670,548-670
750,LMX1B,PAX2-A,-,548,711,548-711
751,LMX1B,TPH2,?,548,993,548-993
752,LMX1B,TPH2,?,548,993,548-993
753,MAF,CCND2,+,557,125,557-125
754,MAF,CRYAB,?,557,191,557-191
755,MAF,MAF,+,557,557,557-557
756,MAF,PDX1,+,557,727,557-727
757,MAFB,HOXA3A,?,558,436,558-436
758,MAFB,NRF1,?,558,685,558-685
759,MAFK,NQO1,+,559,672,559-672
760,MAFK,NQO1,+,559,672,559-672
761,MAFK,NRF1,?,559,685,559-685
762,MAP3K7,NFKB1,+,563,648,563-648
763,MCM6,CD40,+,571,132,571-132
764,MED23,EGR2B,+,577,276,577-276
765,MEF2A,KAG9270571.1,?,579,178,579-178
766,MEF2A,MEF2A,?,579,579,579-579
767,MEF2A,NRF1,+,579,685,579-685
768,MEIS2,CDKN2B,+,580,147,580-147
769,MEIS2,EGR2B,?,580,276,580-276
770,MEIS2,PAX6A,+,580,714,580-714
771,MEIS2,TGFBR2,?,580,968,580-968
772,MEIS2,CDKN2B,-,580,147,580-147
773,MITF,ACP5,+,588,14,588-14
774,MITF,ACP5,+,588,14,588-14
775,MITF,ACP5,?,588,14,588-14
776,MITF,ACP5,?,588,14,588-14
777,MITF,CD40,+,588,132,588-132
778,MITF,CD40,+,588,132,588-132
779,MITF,CTSK,?,588,200,588-200
780,MITF,CTSK,?,588,200,588-200
781,MITF,DKK3,-,588,238,588-238
782,MITF,DKK3,-,588,238,588-238
783,MITF,FGF19,-,588,314,588-314
784,MITF,FGF19,-,588,314,588-314
785,MITF,GPR143,+,588,384,588-384
786,MITF,GPR143,+,588,384,588-384
787,MITF,ITGA4,+,588,491,588-491
788,MITF,ITGA4,+,588,491,588-491
789,MITF,MET,?,588,582,588-582
790,MITF,MET,?,588,582,588-582
791,MITF,OSTM1,+,588,701,588-701
792,MITF,OSTM1,+,588,701,588-701
793,MITF,PAX6A,+,588,714,588-714
794,MITF,PAX6A,+,588,714,588-714
795,MITF,PAX6A,?,588,714,588-714
796,MITF,PAX6A,?,588,714,588-714
797,MITF,PMEL,?,588,754,588-754
798,MITF,PMEL,?,588,754,588-754
799,MITF,SLC2A2,+,588,886,588-886
800,MITF,SLC2A2,+,588,886,588-886
801,MITF,TRPM1,+,588,1000,588-1000
802,MITF,TRPM1,+,588,1000,588-1000
803,MITF,TRPM1,+,588,1000,588-1000
804,MITF,TRPM1,+,588,1000,588-1000
805,MITF,TYR,?,588,1010,588-1010
806,MITF,TYR,?,588,1010,588-1010
807,MITF,TYR,?,588,1010,588-1010
808,MITF,TYR,?,588,1010,588-1010
809,MITF,TYRP1,?,588,1012,588-1012
810,MITF,TYRP1,?,588,1012,588-1012
811,MLXIPL,ACACB,?,590,10,590-10
812,MLXIPL,GCK,-,590,365,590-365
813,MLXIPL,GPAM,+,590,382,590-382
814,MLXIPL,INS,+,590,475,590-475
815,MLXIPL,INS,+,590,475,590-475
816,MLXIPL,INS,+,590,476,590-476
817,MLXIPL,INS,+,590,476,590-476
818,MLXIPL,INS,-,590,476,590-476
819,MLXIPL,INS,-,590,476,590-476
820,MLXIPL,MSTNB,?,590,602,590-602
821,MLXIPL,PDX1,-,590,727,590-727
822,MLXIPL,PKM,?,590,742,590-742
823,MLXIPL,KAG9275361.1,+,590,849,590-849
824,MLXIPL,TXNIP,?,590,1008,590-1008
825,MMP9,JUN,?,596,502,596-502
826,KAG9263746.1,CGA,?,603,157,603-157
827,KAG9263746.1,ETS1,?,603,301,603-301
828,KAG9263746.1,FGF3,?,603,320,603-320
829,KAG9263746.1,PAX3-A,-,603,712,603-712
830,KAG9263746.1,SHHA,?,603,864,603-864
831,KAG9263746.1,SHHB,?,603,864,603-864
832,KAG9263746.1,STRA8,+,603,935,603-935
833,KAG9263746.1,TAGLN,-,603,942,603-942
834,KAG9263746.1,TAGLN3,-,603,942,603-942
835,MTF1,DNMT1,?,604,255,604-255
836,MTF1,SELENOW,-,604,850,604-850
837,MTF1,SLC39A10,-,604,887,604-887
838,MTF2,SHHA,-,605,864,605-864
839,MTF2,SHHB,-,605,864,605-864
840,MYB,ANPEP,+,611,47,611-47
841,MYB,ANPEP,+,611,47,611-47
842,MYB,ANPEP,+,611,47,611-47
843,MYB,CSF3R,-,611,192,611-192
844,MYB,GSTM3,+,611,394,611-394
845,MYB,IGFBP5,+,611,459,611-459
846,MYB,KITA,+,611,516,611-516
847,MYB,KITA,+,611,516,611-516
848,MYB,KITA,?,611,516,611-516
849,MYB,KITA,?,611,516,611-516
850,MYB,PTGS2,+,611,790,611-790
851,MYB,RAG2,?,611,805,611-805
852,MYBL2,ADRA2B,+,612,29,612-29
853,MYBL2,IGFBP5,+,612,459,612-459
854,MYBL2,KAG9283030.1,?,612,541,612-541
855,MYBL2,KAG9269284.1,?,612,587,612-587
856,MYBL2,KAG9269775.1,?,612,587,612-587
857,MYEF2,MYL2,?,614,618,614-618
858,MYEF2,MYL2,?,614,618,614-618
859,MYF-5,DES,+,615,235,615-235
860,MYF-5,MYF6,+,615,616,615-616
861,MYF-5,MYOD1,+,615,622,615-622
862,MYF-5,MYOG,+,615,623,615-623
863,MYF-5,TP73,+,615,999,615-999
864,MYF6,DES,+,616,235,616-235
865,MYF6,MYOG,+,616,623,616-623
866,MYF6,RECK,+,616,817,616-817
867,MYF6,TP73,+,616,999,616-999
868,MYOD1,ACACB,+,622,10,622-10
869,MYOD1,ACTBA,?,622,19,622-19
870,MYOD1,ACTC1,?,622,19,622-19
871,MYOD1,ACTC1,?,622,19,622-19
872,MYOD1,ACTBB,?,622,19,622-19
873,MYOD1,ACTBA,+,622,20,622-20
874,MYOD1,ACTC1,+,622,20,622-20
875,MYOD1,ACTC1,+,622,20,622-20
876,MYOD1,ACTBB,+,622,20,622-20
877,MYOD1,ATP6V1E1,?,622,67,622-67
878,MYOD1,ATP9A,?,622,68,622-68
879,MYOD1,BARX2,?,622,77,622-77
880,MYOD1,BMP5,?,622,91,622-91
881,MYOD1,CCND1,?,622,124,622-124
882,MYOD1,CDH15,?,622,137,622-137
883,MYOD1,CDON,?,622,149,622-149
884,MYOD1,CKM,+,622,167,622-167
885,MYOD1,CKB,+,622,167,622-167
886,MYOD1,CKM,+,622,167,622-167
887,MYOD1,CKB,+,622,167,622-167
888,MYOD1,CKM,?,622,167,622-167
889,MYOD1,CKB,?,622,167,622-167
890,MYOD1,CKM,?,622,167,622-167
891,MYOD1,CKB,?,622,167,622-167
892,MYOD1,DCX,?,622,231,622-231
893,MYOD1,DES,+,622,235,622-235
894,MYOD1,ITGA7,+,622,493,622-493
895,MYOD1,MAF,+,622,557,622-557
896,MYOD1,MYF6,+,622,616,622-616
897,MYOD1,MYF-5,-,622,615,622-615
898,MYOD1,MYL1,+,622,617,622-617
899,MYOD1,MYL1,?,622,617,622-617
900,MYOD1,MYL2,?,622,618,622-618
901,MYOD1,MYL2,?,622,618,622-618
902,MYOD1,MYL6,?,622,619,622-619
903,MYOD1,MYL6,?,622,619,622-619
904,MYOD1,MYOG,+,622,623,622-623
905,MYOD1,MYOG,-,622,623,622-623
906,MYOD1,RECK,-,622,817,622-817
907,MYOD1,SELENOW,+,622,850,622-850
908,MYOD1,SMARCA4,?,622,900,622-900
909,MYOD1,SMARCA4,?,622,900,622-900
910,MYOD1,TP73,+,622,999,622-999
911,MYOD1,ZBTB18,?,622,1052,622-1052
912,MYOG,AT2,+,623,54,623-54
913,MYOG,BARX2,?,623,77,623-77
914,MYOG,DES,+,623,235,623-235
915,MYOG,ITGA7,+,623,493,623-493
916,MYOG,MYEF2,+,623,614,623-614
917,MYOG,MYF6,+,623,616,623-616
918,MYOG,MYL1,+,623,617,623-617
919,MYOG,MYOD1,+,623,622,623-622
920,MYOG,PAX7,-,623,715,623-715
921,MYOG,PAX7,-,623,715,623-715
922,MYOG,TP73,+,623,999,623-999
923,NAB1,EGR2B,-,627,276,627-276
924,NAB1,CGBB,-,627,534,627-534
925,NCOA3,CLOCK,?,634,173,634-173
926,NCOA3,KLF4,+,634,520,634-520
927,NCOA3,CLOCK,?,634,667,634-667
928,NCOA3,PPARG,+,634,765,634-765
929,NCOA3,TBX3,+,634,951,634-951
930,NEUROD1,INS,?,641,476,641-476
931,NEUROD1,INS,?,641,476,641-476
932,NEUROD1,PAX6A,+,641,714,641-714
933,NEUROD1,PDX1,?,641,727,641-727
934,NEUROD1,ST18,?,641,925,641-925
935,NEUROD6,PLPPR4,?,643,752,643-752
936,NEUROD6,PLPPR4,?,643,752,643-752
937,NEUROG3,INSM1A,+,644,478,644-478
938,NEUROG3,NEUROD1,+,644,641,644-641
939,NFAT5,BCL2,-,645,79,645-79
940,NFAT5,BCL2,-,645,79,645-79
941,NFAT5,VEGFC,+,645,1029,645-1029
942,NFATC3,B3GAT1,-,646,71,646-71
943,NFE2L2,ABCC2,?,647,6,647-6
944,NFE2L2,BCL2,+,647,79,647-79
945,NFE2L2,BCL2,+,647,79,647-79
946,NFE2L2,CD36,+,647,130,647-130
947,NFE2L2,CYP2G1,+,647,216,647-216
948,NFE2L2,CYP2G1,?,647,216,647-216
949,NFE2L2,GCLC,+,647,366,647-366
950,NFE2L2,IL10,+,647,463,647-463
951,NFE2L2,KEAP1B,+,647,512,647-512
952,NFE2L2,KEAP1B,?,647,512,647-512
953,NFE2L2,MCM7-B,?,647,572,647-572
954,NFE2L2,MDM2,+,647,575,647-575
955,NFE2L2,MGST1,?,647,584,647-584
956,NFE2L2,NFE2L2,?,647,647,647-647
957,NFE2L2,NFKB1,-,647,648,647-648
958,NFE2L2,NQO1,+,647,672,647-672
959,NFE2L2,NQO1,+,647,672,647-672
960,NFE2L2,NQO1,?,647,672,647-672
961,NFE2L2,NQO1,?,647,672,647-672
962,NFE2L2,PPARG,+,647,765,647-765
963,NFE2L2,PPARG,?,647,765,647-765
964,NFE2L2,PRDX1,+,647,775,647-775
965,NFE2L2,PRDX1,?,647,775,647-775
966,NFE2L2,PRDX1,?,647,776,647-776
967,NFE2L2,PTGDS,+,647,786,647-786
968,NFE2L2,SLC40A1,+,647,888,647-888
969,NFE2L2,SLC40A1,-,647,888,647-888
970,NFE2L2,SRXN1,+,647,923,647-923
971,NFE2L2,SRXN1,?,647,923,647-923
972,NFE2L2,TGFB1,-,647,965,647-965
973,NFE2L2,TGFB1,-,647,965,647-965
974,NFE2L2,TXNIP,-,647,1008,647-1008
975,NFE2L2,UGT1A5,+,647,1016,647-1016
976,NFE2L2,IL10,?,647,463,647-463
977,NFKB1,ADORA2A,-,648,28,648-28
978,NFKB1,AGT,?,648,32,648-32
979,NFKB1,ALOX5,?,648,39,648-39
980,NFKB1,BANP,+,648,75,648-75
981,NFKB1,BCL2,+,648,79,648-79
982,NFKB1,BCL2,+,648,79,648-79
983,NFKB1,ITA,+,648,87,648-87
984,NFKB1,ITA,?,648,87,648-87
985,NFKB1,XIAP,+,648,1045,648-1045
986,NFKB1,XIAP,-,648,1045,648-1045
987,NFKB1,BMP2,+,648,90,648-90
988,NFKB1,BMPR2,?,648,94,648-94
989,NFKB1,BTK,+,648,100,648-100
990,NFKB1,CCL20,+,648,120,648-120
991,NFKB1,CCL20,?,648,120,648-120
992,NFKB1,K4,-,648,121,648-121
993,NFKB1,CCND1,+,648,124,648-124
994,NFKB1,CCND1,?,648,124,648-124
995,NFKB1,CD38,?,648,131,648-131
996,NFKB1,CD40,+,648,132,648-132
997,NFKB1,CD40,?,648,132,648-132
998,NFKB1,CDK4,+,648,142,648-142
999,NFKB1,CEBPA,?,648,151,648-151
1000,NFKB1,CFLAR,+,648,155,648-155
1001,NFKB1,CTNNB1,?,648,197,648-197
1002,NFKB1,CTNNB1,?,648,197,648-197
1003,NFKB1,CXCL11.6,?,648,202,648-202
1004,NFKB1,CXCL8,+,648,204,648-204
1005,NFKB1,CXCL8,?,648,204,648-204
1006,NFKB1,CYP11A1,?,648,207,648-207
1007,NFKB1,DCST1,+,648,227,648-227
1008,NFKB1,DCST2,+,648,228,648-228
1009,NFKB1,D215,+,648,261,648-261
1010,NFKB1,D215,+,648,261,648-261
1011,NFKB1,EBNA1BP2,?,648,270,648-270
1012,NFKB1,EGR2B,+,648,276,648-276
1013,NFKB1,ELF3,?,648,282,648-282
1014,NFKB1,FASLG,?,648,308,648-308
1015,NFKB1,FOXP3,?,648,345,648-345
1016,NFKB1,GADD45B,+,648,355,648-355
1017,NFKB1,GCLM,-,648,367,648-367
1018,NFKB1,HSD11B2,+,648,439,648-439
1019,NFKB1,HSD11B2,-,648,439,648-439
1020,NFKB1,IKBKB,+,648,461,648-461
1021,NFKB1,IL10,?,648,463,648-463
1022,NFKB1,IL1B,+,648,466,648-466
1023,NFKB1,IL1B,?,648,466,648-466
1024,NFKB1,ITGAX,+,648,494,648-494
1025,NFKB1,JUNB,?,648,503,648-503
1026,NFKB1,KDR,?,648,511,648-511
1027,NFKB1,LEF1,+,648,530,648-530
1028,NFKB1,NUDT1,?,648,691,648-691
1029,NFKB1,MMP2,?,648,595,648-595
1030,NFKB1,MMP9,+,648,596,648-596
1031,NFKB1,MMP9,?,648,596,648-596
1032,NFKB1,KAG9263746.1,+,648,603,648-603
1033,NFKB1,MYB,+,648,611,648-611
1034,NFKB1,MYOZ2,+,648,626,648-626
1035,NFKB1,NFKB1,+,648,648,648-648
1036,NFKB1,NQO1,-,648,672,648-672
1037,NFKB1,NQO1,-,648,672,648-672
1038,NFKB1,NRF1,?,648,685,648-685
1039,NFKB1,PCK1,-,648,717,648-717
1040,NFKB1,PDK2,-,648,726,648-726
1041,NFKB1,KAG9278600.1,-,648,729,648-729
1042,NFKB1,PHEX,?,648,733,648-733
1043,NFKB1,PLA2G4A,?,648,744,648-744
1044,NFKB1,PLA2G4A,?,648,744,648-744
1045,NFKB1,PLAUR,?,648,746,648-746
1046,NFKB1,PLAUR,?,648,746,648-746
1047,NFKB1,PLIN2,?,648,748,648-748
1048,NFKB1,PPP1R13L,?,648,767,648-767
1049,NFKB1,CPI17,?,648,768,648-768
1050,NFKB1,PTEN,-,648,784,648-784
1051,NFKB1,PTEN,-,648,784,648-784
1052,NFKB1,PTGES,?,648,787,648-787
1053,NFKB1,PTGS1,?,648,789,648-789
1054,NFKB1,PTGS2,+,648,790,648-790
1055,NFKB1,PTGS2,-,648,790,648-790
1056,NFKB1,PTGS2,?,648,790,648-790
1057,NFKB1,RELB,+,648,818,648-818
1058,NFKB1,RELB,?,648,818,648-818
1059,NFKB1,SHHA,+,648,864,648-864
1060,NFKB1,SHHB,+,648,864,648-864
1061,NFKB1,SLC1A2,+,648,880,648-880
1062,NFKB1,SLC1A2,-,648,880,648-880
1063,NFKB1,SLC2A1,+,648,885,648-885
1064,NFKB1,SLC2A1,+,648,885,648-885
1065,NFKB1,SRC,+,648,922,648-922
1066,NFKB1,STAT1,?,648,931,648-931
1067,NFKB1,STK39,+,648,932,648-932
1068,NFKB1,TEC,+,648,957,648-957
1069,NFKB1,TGFB1,+,648,965,648-965
1070,NFKB1,TGFB1,+,648,965,648-965
1071,NFKB1,TIMP3,?,648,975,648-975
1072,NFKB1,TLR2-2,+,648,980,648-980
1073,NFKB1,TLR2-2,+,648,980,648-980
1074,NFKB1,TLR2-2,?,648,980,648-980
1075,NFKB1,TLR2-2,?,648,980,648-980
1076,NFKB1,TLR4,+,648,982,648-982
1077,NFKB1,TLR4,+,648,982,648-982
1078,NFKB1,TLR4,?,648,982,648-982
1079,NFKB1,TLR4,?,648,982,648-982
1080,NFKB1,TNFAIP3,+,648,986,648-986
1081,NFKB1,TNFSF13B,?,648,989,648-989
1082,NFKB1,UPP1,+,648,1021,648-1021
1083,NFKB1,UPP1,?,648,1021,648-1021
1084,NFKB1,VEGFC,?,648,1029,648-1029
1085,NFKB1,WT1-A,+,648,1042,648-1042
1086,NFKB1,WT1-A,?,648,1042,648-1042
1087,NFKB1,CCND1,?,648,124,648-124
1088,NFKB2,CCND1,+,649,124,649-124
1089,NFKB2,CCND1,-,649,124,649-124
1090,NFKB2,CCND1,?,649,124,649-124
1091,NFKB2,RELB,-,649,818,649-818
1092,NFYB,CCND2,+,650,125,650-125
1093,NFYC,CCND2,+,651,125,651-125
1094,NHLH1,MAO,+,654,560,654-560
1095,NHLH1,MAO,+,654,560,654-560
1096,NHLH1,PCSK2,?,654,719,654-719
1097,NHLH1,PCSK2,?,654,719,654-719
1098,NONO,MIA,?,660,585,660-585
1099,KAG9261813.1,CASP3,+,664,110,664-110
1100,KAG9261813.1,CASP3,+,664,110,664-110
1101,KAG9261813.1,CCND1,+,664,124,664-124
1102,KAG9261813.1,CCNE1,+,664,126,664-126
1103,KAG9261813.1,CTNNB1,-,664,197,664-197
1104,KAG9261813.1,CTNNB1,-,664,197,664-197
1105,KAG9261813.1,DLL4,?,664,241,664-241
1106,KAG9261813.1,DTX1,?,664,262,664-262
1107,KAG9261813.1,GATA2,+,664,359,664-359
1108,KAG9261813.1,HEY1,+,664,418,664-418
1109,KAG9261813.1,HEY2,?,664,419,664-419
1110,KAG9261813.1,NFKB1,+,664,648,664-648
1111,KAG9261813.1,NRARPA,+,664,684,664-684
1112,KAG9261813.1,PAX7,+,664,715,664-715
1113,KAG9261813.1,PAX7,+,664,715,664-715
1114,KAG9261813.1,RBPJ,+,664,814,664-814
1115,KAG9261813.1,SMARCC1,+,664,902,664-902
1116,KAG9261813.1,SMARCC1,+,664,902,664-902
1117,KAG9261813.1,SPI1,+,664,920,664-920
1118,CLOCK,MAO,?,667,560,667-560
1119,NR0B2,CYP7A1,-,673,220,673-220
1120,NR0B2,CYP7A1,-,673,220,673-220
1121,NR0B2,CYP7A1,?,673,220,673-220
1122,NR0B2,CYP7A1,?,673,220,673-220
1123,NR0B2,CYP8B1,-,673,222,673-222
1124,NR0B2,CYP8B1,-,673,222,673-222
1125,NR0B2,MTF1,-,673,604,673-604
1126,NR0B2,MTF1,-,673,604,673-604
1127,NR0B2,MTTP,-,673,607,673-607
1128,NR0B2,MTTP,-,673,607,673-607
1129,NR0B2,NEUROD1,-,673,641,673-641
1130,NR0B2,NEUROD1,-,673,641,673-641
1131,NR0B2,CLOCK,-,673,667,673-667
1132,NR0B2,CLOCK,-,673,667,673-667
1133,NR0B2,NR5A2,+,673,683,673-683
1134,NR0B2,NR5A2,+,673,683,673-683
1135,NR0B2,NR5A2,?,673,683,673-683
1136,NR0B2,NR5A2,?,673,683,673-683
1137,NR0B2,PPARG,-,673,765,673-765
1138,NR0B2,PPARG,-,673,765,673-765
1139,NR0B2,SERPINE1,-,673,852,673-852
1140,NR0B2,SERPINE1,-,673,852,673-852
1141,NR0B2,SLC40A1,-,673,888,673-888
1142,NR0B2,SLC40A1,-,673,888,673-888
1143,NR0B2,KAG9260855.1,-,673,896,673-896
1144,NR0B2,KAG9273192.1,-,673,896,673-896
1145,NR0B2,KAG9260855.1,-,673,896,673-896
1146,NR0B2,KAG9273192.1,-,673,896,673-896
1147,NR1H3,ABCA1,?,674,1,674-1
1148,NR1H3,ABCA1,?,674,1,674-1
1149,NR1H3,BHLHE40,+,674,85,674-85
1150,NR1H3,CYP7B1,-,674,221,674-221
1151,NR1H3,CYP7A1,+,674,220,674-220
1152,NR1H3,F3,-,674,304,674-304
1153,NR1H3,F3,-,674,304,674-304
1154,NR1H3,LIPE,?,674,543,674-543
1155,NR1H3,MLXIPL,+,674,590,674-590
1156,NR1H3,NR1H3,?,674,674,674-674
1157,NR1H3,PLTP,?,674,753,674-753
1158,NR1H4,ABCB11,+,675,2,675-2
1159,NR1H4,ABCC2,+,675,6,675-6
1160,NR1H4,HHEX,?,675,422,675-422
1161,NR1H4,INS,+,675,476,675-476
1162,NR1H4,INS,+,675,476,675-476
1163,NR1H4,NR0B2,+,675,673,675-673
1164,NR1H4,NR0B2,+,675,673,675-673
1165,NR2C1-B,ESR1,-,676,299,676-299
1166,NR2C1-B,GATA2,-,676,358,676-358
1167,NR2C1-B,IKBKB,+,677,461,677-461
1168,NR2C1-B,JUNB,+,677,503,677-503
1169,NR2C1-B,NFKB1,+,677,648,677-648
1170,NR2F6,KAG9281896.1,?,679,702,679-702
1171,NR2F6,REN,-,679,820,679-820
1172,NR3C2,MLLT3,-,680,589,680-589
1173,NR3C2,SGK1,?,680,861,680-861
1174,NR3C2,TNS,?,680,990,680-990
1175,NR3C2,TSC22D3,?,680,1003,680-1003
1176,NR4A2,FOXP3,+,681,345,681-345
1177,NR4A2,KCNB1,-,681,506,681-506
1178,NR4A2,KCNB1,-,681,506,681-506
1179,NR4A2,NRP1A,?,681,687,681-687
1180,NR4A2,PITX3,+,681,741,681-741
1181,NR4A2,PTPRU,?,681,796,681-796
1182,NR4A2,PTPRU,?,681,796,681-796
1183,NR4A2,SLC18A2,?,681,878,681-878
1184,NR4A3,KCNB1,-,682,506,682-506
1185,NR4A3,KCNB1,-,682,506,682-506
1186,NR5A2,CCND1,+,683,124,683-124
1187,NR5A2,CCNE1,+,683,126,683-126
1188,NR5A2,CYP19A1,?,683,209,683-209
1189,NR5A2,CYP7A1,+,683,220,683-220
1190,NR5A2,CYP8B1,+,683,222,683-222
1191,NR5A2,PTF1A,?,683,785,683-785
1192,NR5A2,PTGDS,?,683,786,683-786
1193,NR5A2,SLC10A2,?,683,875,683-875
1194,NRF1,ATP1A1,-,685,64,685-64
1195,NRF1,ATP1A1,-,685,64,685-64
1196,NRF1,ATP1A1,-,685,64,685-64
1197,NRF1,ATNB233,+,685,65,685-65
1198,NRF1,ATNB233,+,685,65,685-65
1199,NRF1,KAG9272942.1,+,685,177,685-177
1200,NRF1,FMR1-A,+,685,329,685-329
1201,NRF1,FMR1-A,?,685,329,685-329
1202,NRF1,GRIA2,?,685,387,685-387
1203,NRF1,GRIA2,?,685,387,685-387
1204,NRF1,GRIN1,+,685,389,685-389
1205,NRF1,GRIN1,+,685,389,685-389
1206,NRF1,GRIN2B,+,685,390,685-390
1207,NRF1,GRIN2B,+,685,390,685-390
1208,NRF1,IDE,+,685,447,685-447
1209,NRF1,KIF17,+,685,514,685-514
1210,NRF1,NOS1,?,685,662,685-662
1211,NRF1,SIRT6,+,685,871,685-871
1212,NRF1,TFAM,+,685,961,685-961
1213,NUPR1,CCNA2,-,692,122,692-122
1214,ONECUT1,FOXA2,?,696,333,696-333
1215,ONECUT1,FOXF1,+,696,336,696-336
1216,ONECUT1,NEUROG3,+,696,644,696-644
1217,ONECUT1,NEUROG3,?,696,644,696-644
1218,ONECUT1,ONECUT3,+,696,697,696-697
1219,ONECUT1,ONECUT3,+,696,697,696-697
1220,ONECUT1,PDX1,+,696,727,696-727
1221,ONECUT1,SLC2A2,?,696,886,696-886
1222,PARP1,IL10,?,709,463,709-463
1223,PARP1,MMP9,?,709,596,709-596
1224,PARP1,NFKB1,-,709,648,709-648
1225,PARP1,SH3BP2,?,709,862,709-862
1226,PAX1,PDGFRA,?,710,723,710-723
1227,PAX2-A,CCND1,+,711,124,711-124
1228,PAX2-A,EMX2,?,711,286,711-286
1229,PAX2-A,ENG2B,?,711,288,711-288
1230,PAX2-A,GBX2,-,711,363,711-363
1231,PAX2-A,PAX6A,-,711,714,711-714
1232,PAX2-A,POU3F3B,?,711,762,711-762
1233,PAX2-A,POU3F3B,?,711,762,711-762
1234,PAX2-A,POU3F3A,?,711,762,711-762
1235,PAX2-A,POU3F3B,?,711,762,711-762
1236,PAX2-A,POU3F3B,?,711,762,711-762
1237,PAX2-A,RET,+,711,822,711-822
1238,PAX2-A,SFRP2,?,711,859,711-859
1239,PAX2-A,WT1-A,+,711,1042,711-1042
1240,PAX2-A,WT1-A,?,711,1042,711-1042
1241,PAX3-A,DMRT2,+,712,250,712-250
1242,PAX3-A,ITM2A,+,712,496,712-496
1243,PAX3-A,LEF1,?,712,530,712-530
1244,PAX3-A,MET,?,712,582,712-582
1245,PAX3-A,MITF,+,712,588,712-588
1246,PAX3-A,MITF,+,712,588,712-588
1247,PAX3-A,MYF-5,+,712,615,712-615
1248,PAX3-A,MYF-5,?,712,615,712-615
1249,PAX3-A,MYOD1,+,712,622,712-622
1250,PAX3-A,MYOD1,?,712,622,712-622
1251,PAX3-A,POU3F2,+,712,761,712-761
1252,PAX3-A,KAG9263770.1,?,712,921,712-921
1253,PAX3-A,ST8SIA2,?,712,928,712-928
1254,PAX3-A,TGFB2,+,712,967,712-967
1255,PAX3-A,TYRP1,+,712,1012,712-1012
1256,PAX5,AICDA,+,713,33,713-33
1257,PAX5,BLNK,?,713,88,713-88
1258,PAX5,ENG2B,?,713,288,713-288
1259,PAX5,FLT3,-,713,328,713-328
1260,PAX5,PRDX6,+,713,778,713-778
1261,PAX5,PRDX6,+,713,778,713-778
1262,PAX6A,BCL9L,+,714,82,714-82
1263,PAX6A,CDK6,-,714,144,714-144
1264,PAX6A,CDKN1B,?,714,146,714-146
1265,PAX6A,CRYAB,+,714,191,714-191
1266,PAX6A,CRYAB,?,714,191,714-191
1267,PAX6A,DKK3,+,714,238,714-238
1268,PAX6A,DKK3,-,714,238,714-238
1269,PAX6A,FGF19,-,714,314,714-314
1270,PAX6A,GCK,?,714,365,714-365
1271,PAX6A,MAB21L2,?,714,555,714-555
1272,PAX6A,MAB21L1,?,714,555,714-555
1273,PAX6A,MAF,+,714,557,714-557
1274,PAX6A,MET,+,714,582,714-582
1275,PAX6A,MMP9,+,714,596,714-596
1276,PAX6A,NR2E1,+,714,678,714-678
1277,PAX6A,ODF2,+,714,693,714-693
1278,PAX6A,PAX2-A,-,714,711,714-711
1279,PAX6A,PCSK2,+,714,719,714-719
1280,PAX6A,PDX1,?,714,727,714-727
1281,PAX6A,SFRP2,+,714,859,714-859
1282,PAX6A,SHHA,+,714,864,714-864
1283,PAX6A,SHHB,+,714,864,714-864
1284,PAX6A,SHROOM3,?,714,866,714-866
1285,PAX6A,SOX2,?,714,913,714-913
1286,PAX6A,TGFB2,?,714,967,714-967
1287,PAX6A,TLR4,+,714,982,714-982
1288,PAX6A,TLR4,+,714,982,714-982
1289,PAX7,ETS1,?,715,301,715-301
1290,PAX7,ETS1,?,715,301,715-301
1291,PAX7,ID3,+,715,446,715-446
1292,PAX7,ID3,+,715,446,715-446
1293,PAX7,MYF-5,?,715,615,715-615
1294,PAX7,MYF-5,?,715,615,715-615
1295,PAX7,MYOD1,+,715,622,715-622
1296,PAX7,MYOD1,+,715,622,715-622
1297,PAX7,MYOD1,-,715,622,715-622
1298,PAX7,MYOD1,-,715,622,715-622
1299,PAX7,PAX3-A,?,715,712,715-712
1300,PAX7,PAX3-A,?,715,712,715-712
1301,PAX8,ENG2B,?,716,288,716-288
1302,PAX8,NCAM1,+,716,630,716-630
1303,PAX8,NCAM1,+,716,630,716-630
1304,PAX8,RET,+,716,822,716-822
1305,PAX8,WT1-A,+,716,1042,716-1042
1306,PDX1,INS,+,727,476,727-476
1307,PDX1,INS,+,727,476,727-476
1308,PDX1,INS,?,727,476,727-476
1309,PDX1,INS,?,727,476,727-476
1310,PDX1,NEUROG3,+,727,644,727-644
1311,PDX1,NR5A2,+,727,683,727-683
1312,PDX1,SLC2A2,?,727,886,727-886
1313,PDX1,ST18,?,727,925,727-925
1314,KAG9278600.1,CTNNB1,?,729,197,729-197
1315,KAG9278600.1,CTNNB1,?,729,197,729-197
1316,KAG9278600.1,MAO,?,729,560,729-560
1317,KAG9278600.1,UCP2,-,729,1014,729-1014
1318,KAG9278600.1,UCP2,-,729,1014,729-1014
1319,PHOX2A,DBH,+,735,224,735-224
1320,PHOX2A,NCAM1,+,735,630,735-630
1321,PHOX2A,NCAM1,+,735,630,735-630
1322,PHOX2B,DBH,+,736,224,736-224
1323,PHOX2B,GATA2,+,736,359,736-359
1324,PHOX2B,GATA3,+,736,360,736-360
1325,PHOX2B,TLX3,+,736,984,736-984
1326,PIAS4A,CCL20,-,738,120,738-120
1327,PITX3,DLX2A,+,740,243,740-243
1328,PITX3,DLX2A,?,740,243,740-243
1329,PITX3,CGBA,?,740,347,740-347
1330,PITX3,GAD1,+,740,353,740-353
1331,PITX3,GAD1,+,740,353,740-353
1332,PITX3,LEF1,+,740,530,740-530
1333,PITX3,MYF-5,+,740,615,740-615
1334,PITX3,MYOD1,+,740,622,740-622
1335,PITX3,PLOD1,?,740,751,740-751
1336,PITX3,TBX15,+,740,947,740-947
1337,PITX3,TBX5A,-,740,952,740-952
1338,PITX3,EN1,+,741,287,741-287
1339,PITX3,SLC18A2,+,741,878,741-878
1340,PLAGL2,IGF2,+,745,456,745-456
1341,PLAGL2,IGF2,+,745,456,745-456
1342,PLAGL2,MPL,+,745,598,745-598
1343,POU2AF1,BTK,+,757,100,757-100
1344,POU2AF1,CXCR5,+,757,206,757-206
1345,POU2AF1,ID3,?,757,446,757-446
1346,POU2AF1,POU2F1,+,757,758,757-758
1347,POU2AF1,SPI1,+,757,920,757-920
1348,POU2F1,ATP11C,?,758,63,758-63
1349,POU2F1,BTK,+,758,100,758-100
1350,POU2F1,GADD45A,-,758,354,758-354
1351,POU2F1,IRF3,?,758,482,758-482
1352,POU2F1,LPL,?,758,549,758-549
1353,POU2F1,MAD2L1,+,758,556,758-556
1354,POU3F1,EGR2B,?,760,276,760-276
1355,POU3F1,MYF-5,+,760,615,760-615
1356,POU3F2,PAX3-A,?,761,712,761-712
1357,POU3F4,EPHA4-A,?,763,294,763-294
1358,POU4F2,EOMES,+,764,292,764-292
1359,PPARG,ATP2A2,?,765,66,765-66
1360,PPARG,ATP2A2,?,765,66,765-66
1361,PPARG,CAT,?,765,115,765-115
1362,PPARG,CAV1,+,765,116,765-116
1363,PPARG,CCND1,-,765,124,765-124
1364,PPARG,CIDEC,?,765,164,765-164
1365,PPARG,DBI,?,765,225,765-225
1366,PPARG,GCK,?,765,365,765-365
1367,PPARG,GYS2,+,765,400,765-400
1368,PPARG,HGF,+,765,421,765-421
1369,PPARG,HGF,+,765,421,765-421
1370,PPARG,INSR,-,765,479,765-479
1371,PPARG,INSR,-,765,479,765-479
1372,PPARG,LIPE,?,765,543,765-543
1373,PPARG,MAF,-,765,557,765-557
1374,PPARG,MSTNB,?,765,602,765-602
1375,PPARG,PAQR7B,+,765,708,765-708
1376,PPARG,PDX1,?,765,727,765-727
1377,PPARG,PLIN2,+,765,748,765-748
1378,PPARG,PTGS2,-,765,790,765-790
1379,PPARG,SERPINE1,?,765,852,765-852
1380,PPARG,SLC27A1,+,765,884,765-884
1381,PPARG,SLC27A1,+,765,884,765-884
1382,PPARG,SLC2A2,?,765,886,765-886
1383,PPARG,UCP2,+,765,1014,765-1014
1384,PPARG,UCP2,+,765,1014,765-1014
1385,PPARG,UCP2,+,765,1015,765-1015
1386,PRDM1,BMP5,-,770,91,770-91
1387,PRDM1,CXCR5,-,770,206,770-206
1388,PRDM1,ID3,-,770,446,770-446
1389,PRDM1,MAP3K5,-,770,562,770-562
1390,PRDM1,PAX5,-,770,713,770-713
1391,PRDM13,KAG9280174.1,-,771,57,771-57
1392,PRDM13,TLX3,-,771,983,771-983
1393,PRDM13,TLX1,-,771,983,771-983
1394,PRDM16,PPARG,+,772,765,772-765
1395,PRDM16,RBL1,-,772,810,772-810
1396,PRDM8,CDH11,?,774,136,774-136
1397,PRDM8,CDH11,-,774,136,774-136
1398,PROX1,CALCRLA,?,780,105,780-105
1399,PROX1,CALCRL,?,780,105,780-105
1400,PROX1,CCNE1,+,780,126,780-126
1401,PROX1,CYP7A1,-,780,220,780-220
1402,PROX1,GFI1,?,780,369,780-369
1403,PROX1,KAG9261813.1,?,780,664,780-664
1404,PROX1,RGS4,-,780,831,780-831
1405,PTF1A,NR5A2,?,785,683,785-683
1406,PTF1A,PRDM13,?,785,771,785-771
1407,PTHLH,CCND1,+,791,124,791-124
1408,PTHLH,CDK1,+,791,140,791-140
1409,RBL1,KAG9260765.1,?,810,40,810-40
1410,RBL1,FGF2,?,810,316,810-316
1411,RBL1,MYBL2,?,810,612,810-612
1412,RBL2,CCNA2,-,811,122,811-122
1413,RBL2,CDC25A,?,811,133,811-133
1414,RBL2,CDK2,?,811,141,811-141
1415,RBL2,PCNA,-,811,718,811-718
1416,RBL2,KAG9282298.1,-,811,802,811-802
1417,RBL2,SOX2,+,811,913,811-913
1418,RBL2,STMN1,?,811,934,811-934
1419,RBL2,KAG9279285.1,?,811,934,811-934
1420,RBMX,JUND,-,812,504,812-504
1421,RBPJ,KAG9280174.1,?,814,57,814-57
1422,RBPJ,CSMD3,+,814,179,814-179
1423,RBPJ,CSMD3,?,814,179,814-179
1424,RBPJ,RFNG,?,814,532,814-532
1425,RBPJ,KAG9267480.1,?,814,659,814-659
1426,RBPJ,PLCG2,-,814,747,814-747
1427,RBPJ,PRDM1,-,814,770,814-770
1428,RBPJ,RNF12-B,+,814,835,814-835
1429,RBPJ,TYROBP,+,814,1011,814-1011
1430,RELB,CCND1,+,818,124,818-124
1431,RELB,CCND1,-,818,124,818-124
1432,RELB,CCND1,?,818,124,818-124
1433,RELB,MYB,+,818,611,818-611
1434,RFX1,MAP1A,-,824,561,824-561
1435,RFX3,GCK,?,825,365,825-365
1436,RFX4,KAG9270565.1,+,826,601,826-601
1437,RNF2,SOX2,+,838,913,838-913
1438,RORAA,CAV3,?,839,117,839-117
1439,RORAA,CYP7B1,+,839,221,839-221
1440,RUNX1T1,BCL2,+,842,79,842-79
1441,RUNX1T1,BCL2,+,842,79,842-79
1442,RUNX3,THBS1,?,843,971,843-971
1443,RUNX3,THBS1,?,843,971,843-971
1444,RXRAA,ABCB11,+,844,2,844-2
1445,RXRAA,ABCB11,+,844,2,844-2
1446,RXRAA,CYP26A1,?,844,212,844-212
1447,RXRAA,CYP26A1,?,844,212,844-212
1448,RXRAA,CYP2G1,?,844,217,844-217
1449,RXRAA,CYP2G1,?,844,217,844-217
1450,RXRAA,CYP7A1,?,844,220,844-220
1451,RXRAA,CYP7A1,?,844,220,844-220
1452,RXRAA,DR1,?,844,260,844-260
1453,RXRAA,DR1,?,844,260,844-260
1454,RXRAA,LIPE,?,844,543,844-543
1455,RXRAA,LIPE,?,844,543,844-543
1456,RXRAA,ABCC2,+,844,6,844-6
1457,RXRAA,ABCC2,+,844,6,844-6
1458,RXRAA,MTTP,+,844,607,844-607
1459,RXRAA,MTTP,+,844,607,844-607
1460,RXRAA,NR0B2,+,844,673,844-673
1461,RXRAA,NR0B2,+,844,673,844-673
1462,RXRAA,NR0B2,+,844,673,844-673
1463,RXRAA,NR0B2,+,844,673,844-673
1464,SALL1,KIF26B,?,846,515,846-515
1465,SATB2,UPF3B,+,848,1020,848-1020
1466,SHOX2,HCN4,+,865,408,865-408
1467,KAG9276472.1,POU3F2,+,868,761,868-761
1468,SIN3A,SMARCA4,?,869,900,869-900
1469,SIN3A,SMARCA4,?,869,900,869-900
1470,SIN3A,SP3,+,869,915,869-915
1471,SIN3A,STAR,?,869,929,869-929
1472,SIN3B,BMI1B,-,870,89,870-89
1473,SIN3B,BMI1A,-,870,89,870-89
1474,SKIL,ADAM12,-,873,22,873-22
1475,SKIL,ITCH,-,873,490,873-490
1476,SKIL,ITCH,-,873,490,873-490
1477,KAG9272517.1,BMP2,+,895,90,895-90
1478,KAG9275693.1,BMP2,+,895,90,895-90
1479,KAG9272517.1,HEY1,?,895,418,895-418
1480,KAG9275693.1,HEY1,?,895,418,895-418
1481,KAG9272517.1,HHEX,+,895,422,895-422
1482,KAG9275693.1,HHEX,+,895,422,895-422
1483,KAG9272517.1,ID3,+,895,446,895-446
1484,KAG9275693.1,ID3,+,895,446,895-446
1485,KAG9272517.1,KAG9273191.1,+,895,897,895-897
1486,KAG9275693.1,KAG9273191.1,+,895,897,895-897
1487,KAG9272517.1,KAG9273191.1,?,895,897,895-897
1488,KAG9275693.1,KAG9273191.1,?,895,897,895-897
1489,KAG9272517.1,TBX20,+,895,950,895-950
1490,KAG9272517.1,TBX20,+,895,950,895-950
1491,KAG9275693.1,TBX20,+,895,950,895-950
1492,KAG9275693.1,TBX20,+,895,950,895-950
1493,KAG9272517.1,TLX3,?,895,984,895-984
1494,KAG9275693.1,TLX3,?,895,984,895-984
1495,KAG9260855.1,ACTBA,+,896,19,896-19
1496,KAG9260855.1,ACTC1,+,896,19,896-19
1497,KAG9260855.1,ACTC1,+,896,19,896-19
1498,KAG9260855.1,ACTBB,+,896,19,896-19
1499,KAG9273192.1,ACTBA,+,896,19,896-19
1500,KAG9273192.1,ACTC1,+,896,19,896-19
1501,KAG9273192.1,ACTC1,+,896,19,896-19
1502,KAG9273192.1,ACTBB,+,896,19,896-19
1503,KAG9260855.1,ACTBA,?,896,19,896-19
1504,KAG9260855.1,ACTC1,?,896,19,896-19
1505,KAG9260855.1,ACTC1,?,896,19,896-19
1506,KAG9260855.1,ACTBB,?,896,19,896-19
1507,KAG9273192.1,ACTBA,?,896,19,896-19
1508,KAG9273192.1,ACTC1,?,896,19,896-19
1509,KAG9273192.1,ACTC1,?,896,19,896-19
1510,KAG9273192.1,ACTBB,?,896,19,896-19
1511,KAG9260855.1,ANGPTL2,?,896,45,896-45
1512,KAG9260855.1,ANGPTL2,?,896,45,896-45
1513,KAG9273192.1,ANGPTL2,?,896,45,896-45
1514,KAG9273192.1,ANGPTL2,?,896,45,896-45
1515,KAG9260855.1,CDKN2B,+,896,147,896-147
1516,KAG9273192.1,CDKN2B,+,896,147,896-147
1517,KAG9260855.1,CLDN4,-,896,171,896-171
1518,KAG9273192.1,CLDN4,-,896,171,896-171
1519,KAG9260855.1,ENPP1,?,896,290,896-290
1520,KAG9273192.1,ENPP1,?,896,290,896-290
1521,KAG9260855.1,FOXP3,+,896,345,896-345
1522,KAG9273192.1,FOXP3,+,896,345,896-345
1523,KAG9260855.1,CGBA,?,896,347,896-347
1524,KAG9273192.1,CGBA,?,896,347,896-347
1525,KAG9260855.1,GADD45B,?,896,355,896-355
1526,KAG9273192.1,GADD45B,?,896,355,896-355
1527,KAG9260855.1,JUN,?,896,502,896-502
1528,KAG9273192.1,JUN,?,896,502,896-502
1529,KAG9260855.1,MMP9,?,896,596,896-596
1530,KAG9273192.1,MMP9,?,896,596,896-596
1531,KAG9260855.1,PPARG,?,896,765,896-765
1532,KAG9273192.1,PPARG,?,896,765,896-765
1533,KAG9260855.1,RIF1,-,896,833,896-833
1534,KAG9273192.1,RIF1,-,896,833,896-833
1535,KAG9260855.1,SERPINE1,+,896,852,896-852
1536,KAG9273192.1,SERPINE1,+,896,852,896-852
1537,KAG9260855.1,KAG9269893.1,?,896,906,896-906
1538,KAG9273192.1,KAG9269893.1,?,896,906,896-906
1539,KAG9260855.1,TAGLN,+,896,942,896-942
1540,KAG9260855.1,TAGLN3,+,896,942,896-942
1541,KAG9273192.1,TAGLN,+,896,942,896-942
1542,KAG9273192.1,TAGLN3,+,896,942,896-942
1543,KAG9260855.1,TAGLN,?,896,942,896-942
1544,KAG9260855.1,TAGLN3,?,896,942,896-942
1545,KAG9273192.1,TAGLN,?,896,942,896-942
1546,KAG9273192.1,TAGLN3,?,896,942,896-942
1547,KAG9260855.1,TNFSF13B,+,896,989,896-989
1548,KAG9273192.1,TNFSF13B,+,896,989,896-989
1549,KAG9260855.1,ACTBA,?,896,19,896-19
1550,KAG9260855.1,ACTC1,?,896,19,896-19
1551,KAG9260855.1,ACTC1,?,896,19,896-19
1552,KAG9260855.1,ACTBB,?,896,19,896-19
1553,KAG9273192.1,ACTBA,?,896,19,896-19
1554,KAG9273192.1,ACTC1,?,896,19,896-19
1555,KAG9273192.1,ACTC1,?,896,19,896-19
1556,KAG9273192.1,ACTBB,?,896,19,896-19
1557,KAG9273191.1,CDK6,?,897,144,897-144
1558,KAG9273191.1,MAP3K7,?,897,563,897-563
1559,KAG9263709.1,BMPR1B,+,898,93,898-93
1560,SMARCA2,CCNA2,?,899,122,899-122
1561,SMARCA2,TMEM50A,?,899,985,899-985
1562,SMARCA4,MITF,?,900,588,900-588
1563,SMARCA4,MITF,?,900,588,900-588
1564,SMARCA4,MITF,?,900,588,900-588
1565,SMARCA4,MITF,?,900,588,900-588
1566,SMARCA4,MYOG,+,900,623,900-623
1567,SMARCA4,MYOG,+,900,623,900-623
1568,SMARCA4,PSAP,+,900,860,900-860
1569,SMARCA4,PSAP,+,900,860,900-860
1570,SMARCA4,PSAP,?,900,860,900-860
1571,SMARCA4,PSAP,?,900,860,900-860
1572,SMARCA4,SOX2,?,900,913,900-913
1573,SMARCA4,SOX2,?,900,913,900-913
1574,SMARCA4,TBX5A,?,900,952,900-952
1575,SMARCA4,TBX5A,?,900,952,900-952
1576,SMARCA5,DIDO1,-,901,236,901-236
1577,SMYD1,HAND2,?,905,403,905-403
1578,KAG9269893.1,CLDN4,-,906,171,906-171
1579,KAG9269893.1,CTNNB1,-,906,197,906-197
1580,KAG9269893.1,CTNNB1,-,906,197,906-197
1581,KAG9269893.1,KITA,?,906,516,906-516
1582,KAG9269893.1,KITA,?,906,516,906-516
1583,KAG9269893.1,KAG9276453.1,+,906,540,906-540
1584,KAG9269893.1,MMP2,+,906,595,906-595
1585,KAG9269893.1,NR5A2,?,906,683,906-683
1586,KAG9269893.1,PTGS2,-,906,790,906-790
1587,KAG9269893.1,KAG9269893.1,?,906,906,906-906
1588,KAG9269893.1,THBD,-,906,970,906-970
1589,KAG9269893.1,TJP1,-,906,977,906-977
1590,KAG9269893.1,TJP1,-,906,977,906-977
1591,KAG9269893.1,MMP15,+,906,593,906-593
1592,SOX18,PROX1,+,912,780,912-780
1593,SOX2,CCND1,-,913,124,913-124
1594,SOX2,CDKN1B,+,913,146,913-146
1595,SOX2,FGF4-B,+,913,321,913-321
1596,SOX2,FGF4-B,-,913,321,913-321
1597,SOX2,FGF4-B,?,913,321,913-321
1598,SOX2,JAG1B,?,913,498,913-498
1599,SOX2,LEF1,-,913,530,913-530
1600,SOX2,LEFTY2,+,913,531,913-531
1601,SOX2,NEUROD1,?,913,641,913-641
1602,SOX2,NR2E1,+,913,678,913-678
1603,SOX2,SHHA,?,913,864,913-864
1604,SOX2,SHHB,?,913,864,913-864
1605,SOX2,SOX2,+,913,913,913-913
1606,SOX6,CCND1,-,914,124,914-124
1607,SOX6,FGF3,-,914,320,914-320
1608,SOX6,PTHLH,+,914,791,914-791
1609,SP3,ACSBG1,+,915,15,915-15
1610,SP3,ACTBA,+,915,19,915-19
1611,SP3,ACTC1,+,915,19,915-19
1612,SP3,ACTC1,+,915,19,915-19
1613,SP3,ACTBB,+,915,19,915-19
1614,SP3,ANGPT2,+,915,44,915-44
1615,SP3,ANGPT2,-,915,44,915-44
1616,SP3,BMP2,?,915,90,915-90
1617,SP3,BSG,+,915,97,915-97
1618,SP3,CDH5,+,915,139,915-139
1619,SP3,CDK5R1,?,915,143,915-143
1620,SP3,CEBPA,+,915,151,915-151
1621,SP3,KAG9273149.1,?,915,153,915-153
1622,SP3,DCK,?,915,226,915-226
1623,SP3,DMD,+,915,248,915-248
1624,SP3,DNM1,?,915,254,915-254
1625,SP3,DNMT1,+,915,255,915-255
1626,SP3,GPC4,+,915,383,915-383
1627,SP3,HGF,+,915,421,915-421
1628,SP3,HGF,+,915,421,915-421
1629,SP3,IFITM5,+,915,451,915-451
1630,SP3,IL10,+,915,463,915-463
1631,SP3,IL10,?,915,463,915-463
1632,SP3,ITGA6,+,915,492,915-492
1633,SP3,KCNN3,-,915,507,915-507
1634,SP3,LIPE,+,915,543,915-543
1635,SP3,LMNA,?,915,544,915-544
1636,SP3,LPL,?,915,549,915-549
1637,SP3,MERTK,?,915,581,915-581
1638,SP3,MET,-,915,582,915-582
1639,SP3,MET,?,915,582,915-582
1640,SP3,NRGN,+,915,686,915-686
1641,SP3,OPRD1,-,915,699,915-699
1642,SP3,OPRD1,-,915,699,915-699
1643,SP3,PTGS2,+,915,790,915-790
1644,SP3,REN,+,915,820,915-820
1645,SP3,SETDB1B,+,915,857,915-857
1646,SP3,SLC9A2,-,915,894,915-894
1647,SP3,SOD3,+,915,909,915-909
1648,SP3,STAR,?,915,929,915-929
1649,SP3,TAL1,?,915,943,915-943
1650,SP3,TESC,+,915,959,915-959
1651,SP3,TXLNG,-,915,1007,915-1007
1652,SP3,UCP2,?,915,1014,915-1014
1653,SP3,UCP2,?,915,1014,915-1014
1654,SP3,UCP2,+,915,1015,915-1015
1655,SP3,ZNF143,+,915,1059,915-1059
1656,SP9,FGF8A,?,917,323,917-323
1657,SPI1,ACP5,?,920,14,920-14
1658,SPI1,BCL2L11,-,920,80,920-80
1659,SPI1,FCER1G,+,920,310,920-310
1660,SPI1,V-FPS,+,920,313,920-313
1661,SPI1,FLT3,+,920,328,920-328
1662,SPI1,IL1B,+,920,466,920-466
1663,SPI1,IRF8,+,920,486,920-486
1664,SPI1,MMP13,-,920,592,920-592
1665,SPI1,MRC1,-,920,599,920-599
1666,SPI1,NCF1,+,920,631,920-631
1667,SPI1,NFKB1,?,920,648,920-648
1668,SPI1,PTGDS,+,920,786,920-786
1669,SPI1,PTGDS,?,920,786,920-786
1670,SPI1,PTPRC,+,920,794,920-794
1671,SPI1,PTPRO,?,920,795,920-795
1672,SPI1,TAL1,?,920,943,920-943
1673,SPI1,TAL2,?,920,944,920-944
1674,SPI1,TEC,?,920,957,920-957
1675,SPI1,TLR4,+,920,982,920-982
1676,SPI1,TLR4,+,920,982,920-982
1677,STAT1,BACE1,?,931,73,931-73
1678,STAT1,CD36,+,931,130,931-130
1679,STAT1,CD40,?,931,132,931-132
1680,STAT1,CXCL11.6,+,931,202,931-202
1681,STAT1,CXCL11.6,-,931,202,931-202
1682,STAT1,CXCL11.6,?,931,202,931-202
1683,STAT1,FCGR1,+,931,312,931-312
1684,STAT1,FCGR1,?,931,312,931-312
1685,STAT1,GBP3,+,931,362,931-362
1686,STAT1,GFI1,+,931,369,931-369
1687,STAT1,IRF3,+,931,485,931-485
1688,STAT1,MDM2,-,931,575,931-575
1689,STAT1,POU3F1,?,931,760,931-760
1690,STAT1,PPARG,?,931,765,931-765
1691,STAT1,RC3H1,+,931,816,931-816
1692,STAT1,UPP1,+,931,1021,931-1021
1693,KAG9275156.1,GLI2,+,936,376,936-376
1694,KAG9275156.1,GLI2,-,936,376,936-376
1695,SYT1,CDH5,?,940,139,940-139
1696,TAF12,CYP24A1,?,941,211,941-211
1697,TAL1,CCND1,+,943,124,943-124
1698,TAL1,KITA,?,943,516,943-516
1699,TAL1,KITA,?,943,516,943-516
1700,TAL1,MYOG,-,943,623,943-623
1701,TAL1,KAG9273191.1,+,943,897,943-897
1702,TBR1,AUTS2,?,946,69,946-69
1703,TBX3,GJA1,-,951,372,951-372
1704,TBX3,GJA5,-,951,373,951-373
1705,TBX3,ONECUT1,-,951,696,951-696
1706,TBX5A,ATP2A2,+,952,66,952-66
1707,TBX5A,ATP2A2,+,952,66,952-66
1708,TCF21,AKR1B1,-,953,38,953-38
1709,TCF7L2,MYOD1,+,954,622,954-622
1710,TCFL5,TCFL5,?,955,955,955-955
1711,TFDP1,CCND1,-,963,124,963-124
1712,TFDP1,MYBL2,+,963,612,963-612
1713,MITF,TXNIP,-,964,1008,964-1008
1714,TGFB1,FOXP3,+,965,345,965-345
1715,TGFB1,FOXP3,+,965,345,965-345
1716,TGFB1I1,TGFB1,+,966,965,966-965
1717,TGFB1I1,TGFB1,+,966,965,966-965
1718,THRAP3,CEBPA,+,972,151,972-151
1719,THRAP3,PPARG,+,972,765,972-765
1720,TIAL1,THY1,?,974,973,974-973
1721,TRIM32,CCL20,+,996,120,996-120
1722,TP53BP1,ATM,-,997,62,997-62
1723,TP73,FOXO3,+,999,342,999-342
1724,TP73,GLS,?,999,379,999-379
1725,TP73,GLS,?,999,379,999-379
1726,TP73,HEY2,?,999,419,999-419
1727,TP73,ITCH,?,999,490,999-490
1728,TP73,ITCH,?,999,490,999-490
1729,TP73,MDM2,?,999,575,999-575
1730,TP73,PTEN,+,999,784,999-784
1731,TP73,PTEN,+,999,784,999-784
1732,TRRAP,MITF,-,1001,588,1001-588
1733,TRRAP,MITF,-,1001,588,1001-588
1734,TWIST2,ADD1,-,1006,25,1006-25
1735,TWIST2,CKM,-,1006,167,1006-167
1736,TWIST2,CKB,-,1006,167,1006-167
1737,TWIST2,CKM,-,1006,167,1006-167
1738,TWIST2,CKB,-,1006,167,1006-167
1739,TWIST2,CKM,?,1006,167,1006-167
1740,TWIST2,CKB,?,1006,167,1006-167
1741,TWIST2,CKM,?,1006,167,1006-167
1742,TWIST2,CKB,?,1006,167,1006-167
1743,TWIST2,DKK1,?,1006,237,1006-237
1744,TWIST2,KAG9263746.1,?,1006,603,1006-603
1745,UBE2K,NFE2L2,?,1013,647,1013-647
1746,UBE2K,NFE2L2,?,1013,647,1013-647
1747,USF1,ALX3,?,1022,42,1022-42
1748,USF1,KAG9273149.1,?,1022,153,1022-153
1749,USF1,CYP1A1,-,1022,210,1022-210
1750,USF1,CYP1A1,-,1022,210,1022-210
1751,USF1,FMR1-A,+,1022,329,1022-329
1752,USF1,FMR1-A,?,1022,329,1022-329
1753,USF1,GATA5-A,+,1022,361,1022-361
1754,USF1,LIPE,+,1022,543,1022-543
1755,USF1,PDX1,+,1022,727,1022-727
1756,USF1,REN,+,1022,820,1022-820
1757,USF1,TNFAIP3,+,1022,986,1022-986
1758,VAX2,PAX6A,-,1028,714,1028-714
1759,VHL,EPO,?,1031,296,1031-296
1760,VHL,TFAM,?,1031,961,1031-961
1761,WT1-A,EPO,+,1042,296,1042-296
1762,WT1-A,IGF2,-,1042,456,1042-456
1763,WT1-A,IGF2,-,1042,456,1042-456
1764,WT1-A,IL10,+,1042,463,1042-463
1765,WT1-A,INHA,+,1042,473,1042-473
1766,WT1-A,NPHS1,+,1042,669,1042-669
1767,WT1-A,NPHS1,-,1042,669,1042-669
1768,WT1-A,NPHS1,?,1042,669,1042-669
1769,WT1-A,PAX2-A,-,1042,711,1042-711
1770,WT1-A,POU4F2,?,1042,764,1042-764
1771,WT1-A,WNT4A,?,1042,1039,1042-1039
1772,WWTR1,GLIS3,+,1044,378,1044-378
1773,WWTR1,TSC1,+,1044,1002,1044-1002
1774,XPC,CETN1,?,1046,154,1046-154
1775,XRCC5,APAF1,-,1048,48,1048-48
1776,ZBTB16A,DDIT4,+,1050,232,1050-232
1777,ZBTB33,CTNNB1,-,1054,197,1054-197
1778,ZBTB33,CTNNB1,-,1054,197,1054-197
1779,ZBTB33,WNT11,-,1054,1038,1054-1038
1780,ZBTB38,MYOG,-,1055,623,1055-623
1781,ZBTB7A,BCL2L11,-,1056,80,1056-80
1782,ZBTB7A,CCNA2,-,1056,122,1056-122
1783,ZBTB7A,THBS4,?,1056,176,1056-176
1784,ZFP36,NFKB1,-,1062,648,1062-648
1785,ZNF423,PPARG,+,1063,765,1063-765
1786,ZNF423,KAG9272517.1,?,1063,895,1063-895
1787,ZNF423,KAG9275693.1,?,1063,895,1063-895
1788,ZHX3,WT1-A,+,1064,1042,1064-1042
1789,ZIC1,ABHD14A,+,1065,8,1065-8
