,Source,Target,Interaction
645,KAG9280587.1,KAG9266214.1,?
646,KAG9280587.1,KAG9267809.1,?
647,KAG9280587.1,KAG9280587.1,?
649,KAG9280587.1,KAG9276696.1,?
650,KAG9280587.1,KAG9278225.1,?
665,KAG9280587.1,KAG9269430.1,?
672,KAG9280587.1,KAG9260811.1,?
696,KAG9280587.1,KAG9262676.1,?
698,KAG9280587.1,KAG9280924.1,?
709,KAG9280587.1,KAG9269981.1,?
714,KAG9280587.1,KAG9275167.1,?
732,KAG9280587.1,KAG9269106.1,?
749,KAG9280587.1,KAG9273703.1,?
750,KAG9280587.1,KAG9270081.1,?
756,KAG9280587.1,KAG9270846.1,?
757,KAG9280587.1,KAG9265586.1,?
758,KAG9280587.1,KAG9283039.1,?
760,KAG9280587.1,KAG9279307.1,?
763,KAG9280587.1,KAG9272399.1,?
767,KAG9280587.1,KAG9268869.1,?
769,KAG9280587.1,KAG9278789.1,?
772,KAG9280587.1,KAG9264637.1,?
776,KAG9280587.1,KAG9269236.1,?
779,KAG9280587.1,KAG9262223.1,?
780,KAG9280587.1,KAG9283913.1,?
784,KAG9280587.1,KAG9262164.1,?
786,KAG9280587.1,KAG9260890.1,?
792,KAG9280587.1,KAG9264767.1,?
795,KAG9280587.1,KAG9265745.1,?
797,KAG9280587.1,KAG9279527.1,?
800,KAG9280587.1,KAG9263256.1,?
801,KAG9280587.1,KAG9262480.1,?
802,KAG9280587.1,KAG9273628.1,?
803,KAG9280587.1,KAG9281210.1,?
807,KAG9280587.1,KAG9283392.1,?
808,KAG9280587.1,KAG9266359.1,?
810,KAG9280587.1,KAG9266498.1,?
813,KAG9280587.1,KAG9274186.1,?
815,KAG9280587.1,KAG9269438.1,?
818,KAG9280587.1,KAG9268193.1,?
819,KAG9280587.1,KAG9280857.1,?
821,KAG9280587.1,KAG9278460.1,?
822,KAG9280587.1,KAG9281238.1,?
823,KAG9280587.1,KAG9264331.1,?
828,KAG9280587.1,KAG9272642.1,?
829,KAG9280587.1,KAG9277474.1,?
830,KAG9280587.1,KAG9264340.1,?
833,KAG9280587.1,KAG9267411.1,?
834,KAG9280587.1,KAG9281728.1,?
835,KAG9280587.1,KAG9259538.1,?
839,KAG9280587.1,KAG9267552.1,?
841,KAG9280587.1,KAG9262444.1,?
844,KAG9280587.1,KAG9280861.1,?
845,KAG9280587.1,KAG9278754.1,?
847,KAG9280587.1,KAG9263993.1,?
848,KAG9280587.1,KAG9268614.1,?
849,KAG9280587.1,KAG9283292.1,?
854,KAG9280587.1,KAG9282801.1,?
855,KAG9280587.1,KAG9274094.1,?
856,KAG9280587.1,KAG9266005.1,?
860,KAG9280587.1,KAG9264742.1,?
861,KAG9280587.1,KAG9268563.1,?
862,KAG9280587.1,KAG9263653.1,?
864,KAG9280587.1,KAG9273012.1,?
869,KAG9280587.1,KAG9269993.1,?
870,KAG9280587.1,KAG9264885.1,?
873,KAG9280587.1,KAG9266478.1,?
880,KAG9280587.1,KAG9279066.1,?
881,KAG9280587.1,KAG9273357.1,?
887,KAG9280587.1,KAG9274020.1,?
891,KAG9280587.1,KAG9268455.1,?
899,KAG9280587.1,KAG9265201.1,?
902,KAG9280587.1,KAG9265382.1,?
903,KAG9280587.1,KAG9282508.1,?
904,KAG9280587.1,KAG9280192.1,?
911,KAG9280587.1,KAG9274001.1,?
912,KAG9280587.1,KAG9276144.1,?
913,KAG9280587.1,KAG9260724.1,?
914,KAG9280587.1,KAG9260463.1,?
917,KAG9280587.1,KAG9283022.1,?
921,KAG9280587.1,KAG9277062.1,?
922,KAG9280587.1,KAG9276592.1,?
924,KAG9280587.1,KAG9265262.1,?
926,KAG9280587.1,KAG9267162.1,?
928,KAG9280587.1,KAG9265638.1,?
930,KAG9280587.1,KAG9276673.1,?
932,KAG9280587.1,KAG9271924.1,?
933,KAG9280587.1,KAG9263825.1,?
1248,KAG9278819.1,KAG9266101.1,?
1265,KAG9264196.1,KAG9274238.1,?
1266,KAG9264196.1,KAG9264241.1,?
1273,KAG9264196.1,KAG9265699.1,?
1274,KAG9264196.1,KAG9262455.1,?
1275,KAG9264196.1,KAG9260309.1,?
1276,KAG9264196.1,KAG9260891.1,?
1277,KAG9264196.1,KAG9273335.1,?
1278,KAG9264196.1,KAG9272551.1,?
3658,KAG9267165.1,KAG9276187.1,?
3717,KAG9267165.1,KAG9280036.1,?
3718,KAG9267165.1,KAG9273354.1,?
3719,KAG9267165.1,KAG9281498.1,?
3723,KAG9267165.1,KAG9265728.1,?
3729,KAG9267165.1,KAG9273628.1,?
3730,KAG9267165.1,KAG9275507.1,?
3742,KAG9267165.1,KAG9263982.1,?
3743,KAG9267165.1,KAG9275055.1,?
3745,KAG9267165.1,KAG9266569.1,?
3749,KAG9267165.1,KAG9278395.1,?
3751,KAG9267165.1,KAG9268881.1,?
3755,KAG9267165.1,KAG9279997.1,?
3756,KAG9267165.1,KAG9276673.1,?
3757,KAG9267165.1,KAG9276855.1,?
3759,KAG9267165.1,KAG9269762.1,?
3760,KAG9267165.1,KAG9259678.1,?
3768,KAG9278537.1,KAG9265140.1,?
3777,KAG9278537.1,KAG9268569.1,?
3782,KAG9278537.1,KAG9267345.1,?
3783,KAG9278537.1,KAG9263697.1,?
3785,KAG9278537.1,KAG9274724.1,?
3794,KAG9278537.1,KAG9281075.1,?
3797,KAG9278537.1,KAG9281242.1,?
3802,KAG9278537.1,KAG9261998.1,?
3806,KAG9278537.1,KAG9263268.1,?
4889,KAG9272122.1,KAG9272043.1,?
4890,KAG9272122.1,KAG9268423.1,?
4892,KAG9272122.1,KAG9281327.1,?
4893,KAG9272122.1,KAG9276018.1,?
4911,KAG9266117.1,KAG9275137.1,?
4912,KAG9266117.1,KAG9273919.1,?
4922,KAG9266117.1,KAG9261201.1,?
4923,KAG9266117.1,KAG9265048.1,?
4926,KAG9266117.1,KAG9274501.1,?
4927,KAG9266117.1,KAG9263256.1,?
4928,KAG9266117.1,KAG9275414.1,?
4929,KAG9266117.1,KAG9262988.1,?
4934,KAG9266117.1,KAG9280861.1,?
4935,KAG9266117.1,KAG9282016.1,?
4937,KAG9266117.1,KAG9260499.1,?
4939,KAG9266117.1,KAG9279530.1,?
4942,KAG9266117.1,KAG9265201.1,?
4943,KAG9266117.1,KAG9273768.1,?
4944,KAG9266117.1,KAG9277408.1,?
4945,KAG9266117.1,KAG9271864.1,?
4946,KAG9266117.1,KAG9267447.1,?
5277,KAG9265048.1,KAG9275137.1,?
5280,KAG9265048.1,KAG9270239.1,?
5281,KAG9265048.1,KAG9267847.1,?
5292,KAG9265048.1,KAG9268765.1,?
5302,KAG9265048.1,KAG9277268.1,?
5303,KAG9265048.1,KAG9272545.1,?
5317,KAG9265048.1,KAG9270720.1,?
5318,KAG9265048.1,KAG9272194.1,?
5319,KAG9265048.1,KAG9272231.1,?
5320,KAG9265048.1,KAG9276139.1,?
5324,KAG9265048.1,KAG9270506.1,?
5325,KAG9265048.1,KAG9265048.1,?
5326,KAG9265048.1,KAG9268760.1,?
5329,KAG9265048.1,KAG9277462.1,?
5331,KAG9265048.1,KAG9262476.1,?
5338,KAG9265048.1,KAG9282482.1,?
5339,KAG9265048.1,KAG9274501.1,?
5340,KAG9265048.1,KAG9272637.1,?
5343,KAG9265048.1,KAG9260860.1,?
5345,KAG9265048.1,KAG9275414.1,?
5353,KAG9265048.1,KAG9282321.1,?
5355,KAG9265048.1,KAG9278562.1,?
5356,KAG9265048.1,KAG9260863.1,?
5358,KAG9265048.1,KAG9270429.1,?
5359,KAG9265048.1,KAG9260309.1,?
5360,KAG9265048.1,KAG9283030.1,?
5362,KAG9265048.1,KAG9262416.1,?
5363,KAG9265048.1,KAG9272007.1,?
5364,KAG9265048.1,KAG9268012.1,?
5367,KAG9265048.1,KAG9282016.1,?
5370,KAG9265048.1,KAG9271436.1,?
5373,KAG9265048.1,KAG9277004.1,?
5383,KAG9265048.1,KAG9275426.1,?
5388,KAG9265048.1,KAG9280709.1,?
5389,KAG9265048.1,KAG9260118.1,?
5392,KAG9265048.1,KAG9263486.1,?
5393,KAG9265048.1,KAG9273768.1,?
5395,KAG9265048.1,KAG9261681.1,?
5396,KAG9265048.1,KAG9277408.1,?
5398,KAG9265048.1,KAG9269909.1,?
5400,KAG9265048.1,KAG9271877.1,?
5401,KAG9265048.1,KAG9260364.1,?
5403,KAG9265048.1,KAG9278912.1,?
5407,KAG9265048.1,KAG9267447.1,?
5411,KAG9265048.1,KAG9262279.1,?
5414,KAG9265048.1,KAG9272469.1,?
5416,KAG9265048.1,KAG9266944.1,?
5647,KAG9273987.1,KAG9267847.1,?
5649,KAG9273987.1,KAG9271608.1,?
5653,KAG9273987.1,KAG9266330.1,?
5663,KAG9273987.1,KAG9279147.1,?
5664,KAG9273987.1,KAG9270506.1,?
5669,KAG9273987.1,KAG9272230.1,?
5671,KAG9273987.1,KAG9273889.1,?
5672,KAG9273987.1,KAG9260309.1,?
5674,KAG9273987.1,KAG9277408.1,?
5679,KAG9273987.1,KAG9272469.1,?
5935,KAG9277462.1,KAG9279911.1,?
5941,KAG9277462.1,KAG9266214.1,?
5943,KAG9277462.1,KAG9266679.1,?
5945,KAG9277462.1,KAG9273919.1,?
5946,KAG9277462.1,KAG9268876.1,?
5947,KAG9277462.1,KAG9261253.1,?
5948,KAG9277462.1,KAG9272066.1,?
5950,KAG9277462.1,KAG9275966.1,?
5953,KAG9277462.1,KAG9276696.1,?
5954,KAG9277462.1,KAG9278225.1,?
5956,KAG9277462.1,KAG9266062.1,?
5961,KAG9277462.1,KAG9271005.1,?
5963,KAG9277462.1,KAG9276623.1,?
5965,KAG9277462.1,KAG9268818.1,?
5968,KAG9277462.1,KAG9269430.1,?
5969,KAG9277462.1,KAG9274165.1,?
5971,KAG9277462.1,KAG9271096.1,?
5994,KAG9277462.1,KAG9268765.1,?
6000,KAG9277462.1,KAG9260703.1,?
6001,KAG9277462.1,KAG9280924.1,?
6009,KAG9277462.1,KAG9272091.1,?
6010,KAG9277462.1,KAG9278931.1,?
6014,KAG9277462.1,KAG9262404.1,?
6022,KAG9277462.1,KAG9275167.1,?
6030,KAG9277462.1,KAG9282721.1,?
6035,KAG9277462.1,KAG9268807.1,?
6042,KAG9277462.1,KAG9272545.1,?
6047,KAG9277462.1,KAG9262278.1,?
6056,KAG9277462.1,KAG9266309.1,?
6064,KAG9277462.1,KAG9267036.1,?
6068,KAG9277462.1,KAG9270846.1,?
6070,KAG9277462.1,KAG9283039.1,?
6071,KAG9277462.1,KAG9279307.1,?
6075,KAG9277462.1,KAG9273183.1,?
6079,KAG9277462.1,KAG9272399.1,?
6080,KAG9277462.1,KAG9262974.1,?
6081,KAG9277462.1,KAG9272194.1,?
6083,KAG9277462.1,KAG9263702.1,?
6085,KAG9277462.1,KAG9276139.1,?
6087,KAG9277462.1,KAG9277690.1,?
6088,KAG9277462.1,KAG9277157.1,?
6089,KAG9277462.1,KAG9268869.1,?
6091,KAG9277462.1,KAG9266577.1,?
6092,KAG9277462.1,KAG9266470.1,?
6093,KAG9277462.1,KAG9278789.1,?
6095,KAG9277462.1,KAG9279393.1,?
6097,KAG9277462.1,KAG9264637.1,?
6099,KAG9277462.1,KAG9269236.1,?
6101,KAG9277462.1,KAG9280163.1,?
6104,KAG9277462.1,KAG9269814.1,?
6108,KAG9277462.1,KAG9278909.1,?
6112,KAG9277462.1,KAG9266546.1,?
6114,KAG9277462.1,KAG9280525.1,?
6116,KAG9277462.1,KAG9271101.1,?
6117,KAG9277462.1,KAG9280552.1,?
6119,KAG9277462.1,KAG9282482.1,?
6121,KAG9277462.1,KAG9274501.1,?
6122,KAG9277462.1,KAG9267311.1,?
6123,KAG9277462.1,KAG9272637.1,?
6124,KAG9277462.1,KAG9279317.1,?
6125,KAG9277462.1,KAG9263768.1,?
6126,KAG9277462.1,KAG9266571.1,?
6127,KAG9277462.1,KAG9276739.1,?
6130,KAG9277462.1,KAG9274158.1,?
6132,KAG9277462.1,KAG9279527.1,?
6136,KAG9277462.1,KAG9273502.1,?
6138,KAG9277462.1,KAG9268247.1,?
6139,KAG9277462.1,KAG9275483.1,?
6142,KAG9277462.1,KAG9282991.1,?
6143,KAG9277462.1,KAG9266932.1,?
6144,KAG9277462.1,KAG9271613.1,?
6145,KAG9277462.1,KAG9268494.1,?
6150,KAG9277462.1,KAG9268887.1,?
6153,KAG9277462.1,KAG9262988.1,?
6155,KAG9277462.1,KAG9268193.1,?
6157,KAG9277462.1,KAG9280857.1,?
6161,KAG9277462.1,KAG9274481.1,?
6162,KAG9277462.1,KAG9277837.1,?
6163,KAG9277462.1,KAG9266175.1,?
6167,KAG9277462.1,KAG9278562.1,?
6168,KAG9277462.1,KAG9264331.1,?
6172,KAG9277462.1,KAG9277474.1,?
6176,KAG9277462.1,KAG9270429.1,?
6177,KAG9277462.1,KAG9263083.1,?
6178,KAG9277462.1,KAG9260309.1,?
6180,KAG9277462.1,KAG9276532.1,?
6183,KAG9277462.1,KAG9279213.1,?
6185,KAG9277462.1,KAG9259538.1,?
6186,KAG9277462.1,KAG9274150.1,?
6188,KAG9277462.1,KAG9269962.1,?
6191,KAG9277462.1,KAG9283455.1,?
6192,KAG9277462.1,KAG9271661.1,?
6195,KAG9277462.1,KAG9279925.1,?
6197,KAG9277462.1,KAG9267132.1,?
6198,KAG9277462.1,KAG9266274.1,?
6205,KAG9277462.1,KAG9268742.1,?
6210,KAG9277462.1,KAG9283094.1,?
6213,KAG9277462.1,KAG9282801.1,?
6214,KAG9277462.1,KAG9274094.1,?
6215,KAG9277462.1,KAG9266005.1,?
6217,KAG9277462.1,KAG9271436.1,?
6220,KAG9277462.1,KAG9260499.1,?
6222,KAG9277462.1,KAG9266781.1,?
6224,KAG9277462.1,KAG9264742.1,?
6225,KAG9277462.1,KAG9274387.1,?
6227,KAG9277462.1,KAG9272391.1,?
6228,KAG9277462.1,KAG9260647.1,?
6229,KAG9277462.1,KAG9273012.1,?
6231,KAG9277462.1,KAG9272106.1,?
6232,KAG9277462.1,KAG9266800.1,?
6235,KAG9277462.1,KAG9269993.1,?
6236,KAG9277462.1,KAG9281723.1,?
6237,KAG9277462.1,KAG9273475.1,?
6238,KAG9277462.1,KAG9263053.1,?
6239,KAG9277462.1,KAG9263703.1,?
6241,KAG9277462.1,KAG9267198.1,?
6243,KAG9277462.1,KAG9266329.1,?
6246,KAG9277462.1,KAG9268132.1,?
6250,KAG9277462.1,KAG9273335.1,?
6251,KAG9277462.1,KAG9274933.1,?
6252,KAG9277462.1,KAG9275426.1,?
6253,KAG9277462.1,KAG9283859.1,?
6257,KAG9277462.1,KAG9274020.1,?
6258,KAG9277462.1,KAG9280823.1,?
6260,KAG9277462.1,KAG9268455.1,?
6264,KAG9277462.1,KAG9262430.1,?
6266,KAG9277462.1,KAG9275052.1,?
6267,KAG9277462.1,KAG9265201.1,?
6268,KAG9277462.1,KAG9280709.1,?
6269,KAG9277462.1,KAG9265382.1,?
6270,KAG9277462.1,KAG9260118.1,?
6271,KAG9277462.1,KAG9268936.1,?
6274,KAG9277462.1,KAG9262992.1,?
6279,KAG9277462.1,KAG9275077.1,?
6280,KAG9277462.1,KAG9263486.1,?
6281,KAG9277462.1,KAG9274001.1,?
6282,KAG9277462.1,KAG9270064.1,?
6283,KAG9277462.1,KAG9273768.1,?
6285,KAG9277462.1,KAG9260724.1,?
6286,KAG9277462.1,KAG9264254.1,?
6287,KAG9277462.1,KAG9263884.1,?
6290,KAG9277462.1,KAG9279482.1,?
6294,KAG9277462.1,KAG9265027.1,?
6297,KAG9277462.1,KAG9267250.1,?
6302,KAG9277462.1,KAG9271182.1,?
6306,KAG9277462.1,KAG9277206.1,?
6310,KAG9277462.1,KAG9279771.1,?
6311,KAG9277462.1,KAG9261718.1,?
6312,KAG9277462.1,KAG9267447.1,?
6313,KAG9277462.1,KAG9277225.1,?
6315,KAG9277462.1,KAG9270705.1,?
6318,KAG9277462.1,KAG9273864.1,?
6321,KAG9277462.1,KAG9276257.1,?
6322,KAG9277462.1,KAG9282824.1,?
6323,KAG9277462.1,KAG9262279.1,?
6326,KAG9277462.1,KAG9272469.1,?
6330,KAG9269814.1,KAG9280754.1,?
6331,KAG9269814.1,KAG9260647.1,?
6510,KAG9282353.1,KAG9274997.1,?
6511,KAG9282353.1,KAG9275367.1,?
6513,KAG9282353.1,KAG9270538.1,?
6528,KAG9282353.1,KAG9268598.1,?
6535,KAG9282353.1,KAG9270667.1,?
6542,KAG9282353.1,KAG9271121.1,?
6545,KAG9282353.1,KAG9283802.1,?
6608,KAG9271118.1,KAG9274386.1,?
6617,KAG9271118.1,KAG9259988.1,?
6619,KAG9271118.1,KAG9262113.1,?
6622,KAG9276913.1,KAG9276913.1,?
7421,KAG9272637.1,KAG9267157.1,?
7422,KAG9272637.1,KAG9266679.1,?
7423,KAG9272637.1,KAG9273919.1,?
7424,KAG9272637.1,KAG9268876.1,?
7426,KAG9272637.1,KAG9263822.1,?
7427,KAG9272637.1,KAG9272066.1,?
7429,KAG9272637.1,KAG9280577.1,?
7432,KAG9272637.1,KAG9278225.1,?
7440,KAG9272637.1,KAG9273063.1,?
7448,KAG9272637.1,KAG9269785.1,?
7450,KAG9272637.1,KAG9271005.1,?
7454,KAG9272637.1,KAG9269430.1,?
7455,KAG9272637.1,KAG9279860.1,?
7481,KAG9272637.1,KAG9272752.1,?
7486,KAG9272637.1,KAG9268765.1,?
7493,KAG9272637.1,KAG9280924.1,?
7495,KAG9272637.1,KAG9279651.1,?
7520,KAG9272637.1,KAG9275167.1,?
7523,KAG9272637.1,KAG9280669.1,?
7530,KAG9272637.1,KAG9276965.1,?
7532,KAG9272637.1,KAG9282582.1,?
7544,KAG9272637.1,KAG9277268.1,?
7546,KAG9272637.1,KAG9272545.1,?
7549,KAG9272637.1,KAG9262977.1,?
7555,KAG9272637.1,KAG9262278.1,?
7558,KAG9272637.1,KAG9269533.1,?
7570,KAG9272637.1,KAG9263281.1,?
7584,KAG9272637.1,KAG9260710.1,?
7593,KAG9272637.1,KAG9267036.1,?
7594,KAG9272637.1,KAG9272082.1,?
7596,KAG9272637.1,KAG9283039.1,?
7597,KAG9272637.1,KAG9269470.1,?
7598,KAG9272637.1,KAG9279307.1,?
7601,KAG9272637.1,KAG9273183.1,?
7605,KAG9272637.1,KAG9272194.1,?
7607,KAG9272637.1,KAG9263702.1,?
7608,KAG9272637.1,KAG9278617.1,?
7611,KAG9272637.1,KAG9273191.1,?
7612,KAG9272637.1,KAG9266577.1,?
7613,KAG9272637.1,KAG9279147.1,?
7615,KAG9272637.1,KAG9266470.1,?
7618,KAG9272637.1,KAG9282529.1,?
7619,KAG9272637.1,KAG9278789.1,?
7621,KAG9272637.1,KAG9270997.1,?
7622,KAG9272637.1,KAG9275953.1,?
7623,KAG9272637.1,KAG9270506.1,?
7624,KAG9272637.1,KAG9268062.1,?
7625,KAG9272637.1,KAG9265048.1,?
7626,KAG9272637.1,KAG9268760.1,?
7628,KAG9272637.1,KAG9264637.1,?
7631,KAG9272637.1,KAG9269236.1,?
7638,KAG9272637.1,KAG9262223.1,?
7640,KAG9272637.1,KAG9262476.1,?
7642,KAG9272637.1,KAG9262945.1,?
7650,KAG9272637.1,KAG9281498.1,?
7651,KAG9272637.1,KAG9283278.1,?
7652,KAG9272637.1,KAG9271101.1,?
7653,KAG9272637.1,KAG9280552.1,?
7656,KAG9272637.1,KAG9281075.1,?
7659,KAG9272637.1,KAG9282482.1,?
7660,KAG9272637.1,KAG9274501.1,?
7661,KAG9272637.1,KAG9267311.1,?
7662,KAG9272637.1,KAG9272637.1,?
7663,KAG9272637.1,KAG9267092.1,?
7664,KAG9272637.1,KAG9264640.1,?
7665,KAG9272637.1,KAG9279317.1,?
7666,KAG9272637.1,KAG9266571.1,?
7667,KAG9272637.1,KAG9266518.1,?
7668,KAG9272637.1,KAG9265728.1,?
7669,KAG9272637.1,KAG9276739.1,?
7670,KAG9272637.1,KAG9280264.1,?
7674,KAG9272637.1,KAG9265910.1,?
7675,KAG9272637.1,KAG9279527.1,?
7676,KAG9272637.1,KAG9260860.1,?
7681,KAG9272637.1,KAG9279628.1,?
7682,KAG9272637.1,KAG9263256.1,?
7683,KAG9272637.1,KAG9273628.1,?
7685,KAG9272637.1,KAG9283392.1,?
7686,KAG9272637.1,KAG9268247.1,?
7688,KAG9272637.1,KAG9271482.1,?
7689,KAG9272637.1,KAG9275414.1,?
7691,KAG9272637.1,KAG9282991.1,?
7696,KAG9272637.1,KAG9268521.1,?
7702,KAG9272637.1,KAG9262988.1,?
7703,KAG9272637.1,KAG9269438.1,?
7706,KAG9272637.1,KAG9263595.1,?
7707,KAG9272637.1,KAG9268193.1,?
7709,KAG9272637.1,KAG9280857.1,?
7712,KAG9272637.1,KAG9266966.1,?
7713,KAG9272637.1,KAG9269448.1,?
7714,KAG9272637.1,KAG9269609.1,?
7715,KAG9272637.1,KAG9273829.1,?
7716,KAG9272637.1,KAG9274481.1,?
7717,KAG9272637.1,KAG9266175.1,?
7718,KAG9272637.1,KAG9278460.1,?
7720,KAG9272637.1,KAG9275188.1,?
7723,KAG9272637.1,KAG9272135.1,?
7724,KAG9272637.1,KAG9264331.1,?
7725,KAG9272637.1,KAG9261064.1,?
7726,KAG9272637.1,KAG9282809.1,?
7727,KAG9272637.1,KAG9272394.1,?
7728,KAG9272637.1,KAG9277474.1,?
7729,KAG9272637.1,KAG9271102.1,?
7730,KAG9272637.1,KAG9279564.1,?
7733,KAG9272637.1,KAG9260427.1,?
7734,KAG9272637.1,KAG9260309.1,?
7735,KAG9272637.1,KAG9278772.1,?
7737,KAG9272637.1,KAG9276532.1,?
7738,KAG9272637.1,KAG9283030.1,?
7740,KAG9272637.1,KAG9274150.1,?
7741,KAG9272637.1,KAG9262416.1,?
7743,KAG9272637.1,KAG9283455.1,?
7748,KAG9272637.1,KAG9279925.1,?
7749,KAG9272637.1,KAG9267552.1,?
7750,KAG9272637.1,KAG9267132.1,?
7751,KAG9272637.1,KAG9266274.1,?
7759,KAG9272637.1,KAG9280861.1,?
7767,KAG9272637.1,KAG9283094.1,?
7770,KAG9272637.1,KAG9282801.1,?
7771,KAG9272637.1,KAG9274094.1,?
7772,KAG9272637.1,KAG9266005.1,?
7775,KAG9272637.1,KAG9271436.1,?
7780,KAG9272637.1,KAG9264742.1,?
7781,KAG9272637.1,KAG9272391.1,?
7783,KAG9272637.1,KAG9273012.1,?
7785,KAG9272637.1,KAG9269993.1,?
7786,KAG9272637.1,KAG9281346.1,?
7787,KAG9272637.1,KAG9273475.1,?
7788,KAG9272637.1,KAG9266360.1,?
7791,KAG9272637.1,KAG9266329.1,?
7793,KAG9272637.1,KAG9282021.1,?
7797,KAG9272637.1,KAG9274933.1,?
7798,KAG9272637.1,KAG9279066.1,?
7799,KAG9272637.1,KAG9283859.1,?
7800,KAG9272637.1,KAG9272661.1,?
7806,KAG9272637.1,KAG9274020.1,?
7813,KAG9272637.1,KAG9262430.1,?
7818,KAG9272637.1,KAG9265201.1,?
7819,KAG9272637.1,KAG9280709.1,?
7820,KAG9272637.1,KAG9265382.1,?
7823,KAG9272637.1,KAG9260118.1,?
7826,KAG9272637.1,KAG9265316.1,?
7828,KAG9272637.1,KAG9275077.1,?
7829,KAG9272637.1,KAG9279508.1,?
7831,KAG9272637.1,KAG9263486.1,?
7832,KAG9272637.1,KAG9273768.1,?
7833,KAG9272637.1,KAG9281820.1,?
7836,KAG9272637.1,KAG9264254.1,?
7838,KAG9272637.1,KAG9276719.1,?
7839,KAG9272637.1,KAG9260463.1,?
7840,KAG9272637.1,KAG9261956.1,?
7842,KAG9272637.1,KAG9278815.1,?
7847,KAG9272637.1,KAG9265027.1,?
7848,KAG9272637.1,KAG9260364.1,?
7850,KAG9272637.1,KAG9263056.1,?
7851,KAG9272637.1,KAG9267250.1,?
7853,KAG9272637.1,KAG9269505.1,?
7855,KAG9272637.1,KAG9259816.1,?
7858,KAG9272637.1,KAG9269888.1,?
7861,KAG9272637.1,KAG9277206.1,?
7863,KAG9272637.1,KAG9267447.1,?
7866,KAG9272637.1,KAG9276673.1,?
7868,KAG9272637.1,KAG9283802.1,?
7871,KAG9272637.1,KAG9276257.1,?
7872,KAG9272637.1,KAG9262279.1,?
7874,KAG9272637.1,KAG9274766.1,?
7876,KAG9272637.1,KAG9272469.1,?
7879,KAG9272637.1,KAG9259678.1,?
7892,KAG9270472.1,KAG9261669.1,?
7916,KAG9270472.1,KAG9273373.1,?
7922,KAG9270472.1,KAG9269814.1,?
7925,KAG9270472.1,KAG9270472.1,?
7926,KAG9270472.1,KAG9280185.1,?
7931,KAG9270472.1,KAG9261786.1,?
7932,KAG9270472.1,KAG9278416.1,?
7933,KAG9270472.1,KAG9280973.1,?
7937,KAG9270472.1,KAG9261372.1,?
7944,KAG9270472.1,KAG9269559.1,?
8901,KAG9279527.1,KAG9261669.1,?
8902,KAG9279527.1,KAG9268120.1,?
8904,KAG9279527.1,KAG9280587.1,?
8905,KAG9279527.1,KAG9273919.1,?
8907,KAG9279527.1,KAG9263822.1,?
8908,KAG9279527.1,KAG9272066.1,?
8912,KAG9279527.1,KAG9261263.1,?
8914,KAG9279527.1,KAG9276696.1,?
8915,KAG9279527.1,KAG9278225.1,?
8929,KAG9279527.1,KAG9273063.1,?
8936,KAG9279527.1,KAG9270015.1,?
8940,KAG9279527.1,KAG9264330.1,?
8942,KAG9279527.1,KAG9271005.1,?
8945,KAG9279527.1,KAG9275367.1,?
8947,KAG9279527.1,KAG9267307.1,?
8949,KAG9279527.1,KAG9269660.1,?
8950,KAG9279527.1,KAG9269430.1,?
8957,KAG9279527.1,KAG9277766.1,?
8959,KAG9279527.1,KAG9260555.1,?
8966,KAG9279527.1,KAG9280727.1,?
8969,KAG9279527.1,KAG9283070.1,?
8999,KAG9279527.1,KAG9261275.1,?
9018,KAG9279527.1,KAG9259740.1,?
9048,KAG9279527.1,KAG9269981.1,?
9062,KAG9279527.1,KAG9275167.1,?
9080,KAG9279527.1,KAG9271915.1,?
9096,KAG9279527.1,KAG9266290.1,?
9101,KAG9279527.1,KAG9277268.1,?
9110,KAG9279527.1,KAG9262977.1,?
9122,KAG9279527.1,KAG9283040.1,?
9125,KAG9279527.1,KAG9268969.1,?
9141,KAG9279527.1,KAG9273703.1,?
9146,KAG9279527.1,KAG9269605.1,?
9148,KAG9279527.1,KAG9270081.1,?
9156,KAG9279527.1,KAG9276751.1,?
9165,KAG9279527.1,KAG9260359.1,?
9168,KAG9279527.1,KAG9267036.1,?
9174,KAG9279527.1,KAG9274601.1,?
9175,KAG9279527.1,KAG9268201.1,?
9176,KAG9279527.1,KAG9265586.1,?
9177,KAG9279527.1,KAG9283039.1,?
9179,KAG9279527.1,KAG9279307.1,?
9182,KAG9279527.1,KAG9273183.1,?
9186,KAG9279527.1,KAG9272399.1,?
9187,KAG9279527.1,KAG9272194.1,?
9188,KAG9279527.1,KAG9272268.1,?
9189,KAG9279527.1,KAG9263702.1,?
9193,KAG9279527.1,KAG9273191.1,?
9194,KAG9279527.1,KAG9266577.1,?
9195,KAG9279527.1,KAG9276339.1,?
9202,KAG9279527.1,KAG9270997.1,?
9203,KAG9279527.1,KAG9270506.1,?
9205,KAG9279527.1,KAG9268062.1,?
9206,KAG9279527.1,KAG9265048.1,?
9207,KAG9279527.1,KAG9268760.1,?
9212,KAG9279527.1,KAG9267864.1,?
9214,KAG9279527.1,KAG9264637.1,?
9217,KAG9279527.1,KAG9269236.1,?
9219,KAG9279527.1,KAG9266740.1,?
9221,KAG9279527.1,KAG9277462.1,?
9225,KAG9279527.1,KAG9262223.1,?
9228,KAG9279527.1,KAG9262945.1,?
9233,KAG9279527.1,KAG9274714.1,?
9234,KAG9279527.1,KAG9273354.1,?
9236,KAG9279527.1,KAG9281498.1,?
9239,KAG9279527.1,KAG9271101.1,?
9243,KAG9279527.1,KAG9278404.1,?
9244,KAG9279527.1,KAG9260890.1,?
9246,KAG9279527.1,KAG9267311.1,?
9247,KAG9279527.1,KAG9272637.1,?
9248,KAG9279527.1,KAG9267092.1,?
9249,KAG9279527.1,KAG9279317.1,?
9251,KAG9279527.1,KAG9263768.1,?
9252,KAG9279527.1,KAG9266571.1,?
9253,KAG9279527.1,KAG9266518.1,?
9254,KAG9279527.1,KAG9265728.1,?
9255,KAG9279527.1,KAG9269078.1,?
9256,KAG9279527.1,KAG9276739.1,?
9258,KAG9279527.1,KAG9277566.1,?
9263,KAG9279527.1,KAG9282170.1,?
9267,KAG9279527.1,KAG9279527.1,?
9268,KAG9279527.1,KAG9260860.1,?
9269,KAG9279527.1,KAG9265594.1,?
9270,KAG9279527.1,KAG9281262.1,?
9276,KAG9279527.1,KAG9263256.1,?
9278,KAG9279527.1,KAG9273628.1,?
9280,KAG9279527.1,KAG9281210.1,?
9283,KAG9279527.1,KAG9283392.1,?
9284,KAG9279527.1,KAG9268247.1,?
9287,KAG9279527.1,KAG9275414.1,?
9288,KAG9279527.1,KAG9268767.1,?
9294,KAG9279527.1,KAG9268494.1,?
9296,KAG9279527.1,KAG9268521.1,?
9303,KAG9279527.1,KAG9267971.1,?
9305,KAG9279527.1,KAG9273110.1,?
9310,KAG9279527.1,KAG9268193.1,?
9312,KAG9279527.1,KAG9280857.1,?
9313,KAG9279527.1,KAG9267995.1,?
9316,KAG9279527.1,KAG9269448.1,?
9317,KAG9279527.1,KAG9269609.1,?
9318,KAG9279527.1,KAG9266175.1,?
9319,KAG9279527.1,KAG9278460.1,?
9321,KAG9279527.1,KAG9275188.1,?
9326,KAG9279527.1,KAG9264331.1,?
9327,KAG9279527.1,KAG9261064.1,?
9328,KAG9279527.1,KAG9272394.1,?
9332,KAG9279527.1,KAG9277474.1,?
9335,KAG9279527.1,KAG9260427.1,?
9337,KAG9279527.1,KAG9260309.1,?
9340,KAG9279527.1,KAG9281728.1,?
9341,KAG9279527.1,KAG9259538.1,?
9342,KAG9279527.1,KAG9274150.1,?
9344,KAG9279527.1,KAG9262416.1,?
9345,KAG9279527.1,KAG9267770.1,?
9347,KAG9279527.1,KAG9283455.1,?
9348,KAG9279527.1,KAG9268012.1,?
9352,KAG9279527.1,KAG9279925.1,?
9353,KAG9279527.1,KAG9267552.1,?
9359,KAG9279527.1,KAG9267132.1,?
9360,KAG9279527.1,KAG9270667.1,?
9361,KAG9279527.1,KAG9283185.1,?
9362,KAG9279527.1,KAG9266274.1,?
9368,KAG9279527.1,KAG9263066.1,?
9369,KAG9279527.1,KAG9269307.1,?
9371,KAG9279527.1,KAG9264326.1,?
9373,KAG9279527.1,KAG9261998.1,?
9375,KAG9279527.1,KAG9280861.1,?
9377,KAG9279527.1,KAG9263993.1,?
9378,KAG9279527.1,KAG9268614.1,?
9380,KAG9279527.1,KAG9266338.1,?
9381,KAG9279527.1,KAG9267541.1,?
9385,KAG9279527.1,KAG9281178.1,?
9387,KAG9279527.1,KAG9271518.1,?
9389,KAG9279527.1,KAG9283094.1,?
9393,KAG9279527.1,KAG9282801.1,?
9394,KAG9279527.1,KAG9274094.1,?
9395,KAG9279527.1,KAG9266005.1,?
9397,KAG9279527.1,KAG9271436.1,?
9399,KAG9279527.1,KAG9267845.1,?
9401,KAG9279527.1,KAG9260499.1,?
9403,KAG9279527.1,KAG9283098.1,?
9405,KAG9279527.1,KAG9264742.1,?
9406,KAG9279527.1,KAG9271064.1,?
9407,KAG9279527.1,KAG9263653.1,?
9408,KAG9279527.1,KAG9283730.1,?
9410,KAG9279527.1,KAG9272391.1,?
9413,KAG9279527.1,KAG9273012.1,?
9414,KAG9279527.1,KAG9264981.1,?
9420,KAG9279527.1,KAG9269993.1,?
9421,KAG9279527.1,KAG9281346.1,?
9422,KAG9279527.1,KAG9275055.1,?
9423,KAG9279527.1,KAG9265704.1,?
9427,KAG9279527.1,KAG9273475.1,?
9431,KAG9279527.1,KAG9266569.1,?
9432,KAG9279527.1,KAG9273876.1,?
9434,KAG9279527.1,KAG9282021.1,?
9437,KAG9279527.1,KAG9274933.1,?
9438,KAG9279527.1,KAG9279066.1,?
9439,KAG9279527.1,KAG9275426.1,?
9446,KAG9279527.1,KAG9269214.1,?
9449,KAG9279527.1,KAG9274020.1,?
9450,KAG9279527.1,KAG9280823.1,?
9452,KAG9279527.1,KAG9268455.1,?
9459,KAG9279527.1,KAG9262430.1,?
9460,KAG9279527.1,KAG9259928.1,?
9461,KAG9279527.1,KAG9278395.1,?
9466,KAG9279527.1,KAG9275052.1,?
9469,KAG9279527.1,KAG9265201.1,?
9471,KAG9279527.1,KAG9280709.1,?
9473,KAG9279527.1,KAG9265382.1,?
9475,KAG9279527.1,KAG9282508.1,?
9477,KAG9279527.1,KAG9260118.1,?
9478,KAG9279527.1,KAG9275256.1,?
9482,KAG9279527.1,KAG9263402.1,?
9483,KAG9279527.1,KAG9265316.1,?
9487,KAG9279527.1,KAG9281711.1,?
9488,KAG9279527.1,KAG9263486.1,?
9489,KAG9279527.1,KAG9274001.1,?
9491,KAG9279527.1,KAG9273768.1,?
9495,KAG9279527.1,KAG9264254.1,?
9497,KAG9279527.1,KAG9260463.1,?
9499,KAG9279527.1,KAG9277408.1,?
9500,KAG9279527.1,KAG9271454.1,?
9502,KAG9279527.1,KAG9269909.1,?
9509,KAG9279527.1,KAG9272274.1,?
9513,KAG9279527.1,KAG9263056.1,?
9514,KAG9279527.1,KAG9267250.1,?
9519,KAG9279527.1,KAG9269888.1,?
9524,KAG9279527.1,KAG9280139.1,?
9526,KAG9279527.1,KAG9277206.1,?
9527,KAG9279527.1,KAG9271433.1,?
9531,KAG9279527.1,KAG9279903.1,?
9532,KAG9279527.1,KAG9265638.1,?
9533,KAG9279527.1,KAG9268128.1,?
9536,KAG9279527.1,KAG9276673.1,?
9538,KAG9279527.1,KAG9270411.1,?
9539,KAG9279527.1,KAG9264355.1,?
9541,KAG9279527.1,KAG9276257.1,?
9542,KAG9279527.1,KAG9282824.1,?
9544,KAG9279527.1,KAG9262279.1,?
9545,KAG9279527.1,KAG9277625.1,?
9547,KAG9279527.1,KAG9269762.1,?
9550,KAG9279527.1,KAG9259678.1,?
9554,KAG9280464.1,KAG9267809.1,?
9556,KAG9280464.1,KAG9269975.1,?
9560,KAG9280464.1,KAG9274998.1,?
9561,KAG9280464.1,KAG9278406.1,?
9562,KAG9280464.1,KAG9262609.1,?
9595,KAG9280464.1,KAG9267007.1,?
9600,KAG9280464.1,KAG9274346.1,?
9609,KAG9280464.1,KAG9271968.1,?
9623,KAG9280464.1,KAG9267510.1,?
9633,KAG9280464.1,KAG9275286.1,?
9651,KAG9280464.1,KAG9267936.1,?
9670,KAG9280464.1,KAG9282795.1,?
9680,KAG9280464.1,KAG9269857.1,?
9681,KAG9280464.1,KAG9280312.1,?
9682,KAG9280464.1,KAG9280464.1,?
9683,KAG9280464.1,KAG9277797.1,?
9685,KAG9280464.1,KAG9277867.1,?
9686,KAG9280464.1,KAG9265904.1,?
9687,KAG9280464.1,KAG9265787.1,?
9688,KAG9280464.1,KAG9260382.1,?
9689,KAG9280464.1,KAG9267454.1,?
9698,KAG9280464.1,KAG9263027.1,?
9699,KAG9280464.1,KAG9264492.1,?
9707,KAG9280464.1,KAG9282017.1,?
9716,KAG9280464.1,KAG9267669.1,?
9719,KAG9280464.1,KAG9273357.1,?
9727,KAG9280464.1,KAG9269845.1,?
9730,KAG9280464.1,KAG9271990.1,?
9731,KAG9280464.1,KAG9264987.1,?
9735,KAG9280464.1,KAG9267806.1,?
9738,KAG9280464.1,KAG9271924.1,?
9742,KAG9269630.1,KAG9261029.1,?
9758,KAG9269630.1,KAG9283246.1,?
9766,KAG9269630.1,KAG9270934.1,?
9771,KAG9269630.1,KAG9266101.1,?
9773,KAG9269630.1,KAG9260384.1,?
9800,KAG9269630.1,KAG9269761.1,?
9801,KAG9269630.1,KAG9271790.1,?
10007,KAG9275714.1,KAG9272268.1,?
10010,KAG9275714.1,KAG9280457.1,?
10013,KAG9275714.1,KAG9279530.1,?
10365,KAG9283392.1,KAG9266765.1,?
11168,KAG9268767.1,KAG9273919.1,?
11169,KAG9268767.1,KAG9261263.1,?
11170,KAG9268767.1,KAG9278819.1,?
11175,KAG9268767.1,KAG9281159.1,?
11200,KAG9268767.1,KAG9277268.1,?
11205,KAG9268767.1,KAG9283246.1,?
11207,KAG9268767.1,KAG9274082.1,?
11208,KAG9268767.1,KAG9276707.1,?
11213,KAG9268767.1,KAG9263702.1,?
11214,KAG9268767.1,KAG9273191.1,?
11215,KAG9268767.1,KAG9266577.1,?
11218,KAG9268767.1,KAG9270997.1,?
11219,KAG9268767.1,KAG9268062.1,?
11220,KAG9268767.1,KAG9265048.1,?
11225,KAG9268767.1,KAG9283158.1,?
11226,KAG9268767.1,KAG9271508.1,?
11227,KAG9268767.1,KAG9279527.1,?
11229,KAG9268767.1,KAG9263256.1,?
11230,KAG9268767.1,KAG9268247.1,?
11231,KAG9268767.1,KAG9268767.1,?
11232,KAG9268767.1,KAG9280042.1,?
11237,KAG9268767.1,KAG9273829.1,?
11238,KAG9268767.1,KAG9278460.1,?
11241,KAG9268767.1,KAG9277011.1,?
11243,KAG9268767.1,KAG9260427.1,?
11244,KAG9268767.1,KAG9262416.1,?
11250,KAG9268767.1,KAG9263993.1,?
11251,KAG9268767.1,KAG9268614.1,?
11255,KAG9268767.1,KAG9264622.1,?
11256,KAG9268767.1,KAG9271436.1,?
11258,KAG9268767.1,KAG9262517.1,?
11263,KAG9268767.1,KAG9259635.1,?
11270,KAG9268767.1,KAG9265316.1,?
11277,KAG9268767.1,KAG9263056.1,?
11279,KAG9268767.1,KAG9267447.1,?
11280,KAG9268767.1,KAG9278671.1,?
11281,KAG9268767.1,KAG9269761.1,?
11283,KAG9268767.1,KAG9271790.1,?
14218,KAG9266101.1,KAG9278819.1,?
14222,KAG9266101.1,KAG9283246.1,?
14229,KAG9266101.1,KAG9266101.1,?
14235,KAG9266101.1,KAG9261690.1,?
14237,KAG9270183.1,KAG9262175.1,?
14551,KAG9275693.1,KAG9263993.1,?
14552,KAG9275693.1,KAG9262279.1,?
14555,KAG9268147.1,KAG9281792.1,?
14556,KAG9268147.1,KAG9268806.1,?
14557,KAG9268147.1,KAG9266538.1,?
14558,KAG9268147.1,KAG9260728.1,?
14561,KAG9268147.1,KAG9261185.1,?
14564,KAG9268147.1,KAG9283398.1,?
14570,KAG9268147.1,KAG9276401.1,?
14571,KAG9268147.1,KAG9282523.1,?
14573,KAG9268147.1,KAG9283931.1,?
14576,KAG9268147.1,KAG9279099.1,?
14584,KAG9268147.1,KAG9272964.1,?
14589,KAG9268147.1,KAG9264788.1,?
14590,KAG9268147.1,KAG9264184.1,?
14595,KAG9268147.1,KAG9272122.1,?
14598,KAG9268147.1,KAG9266190.1,?
14601,KAG9268147.1,KAG9269599.1,?
14603,KAG9268147.1,KAG9268147.1,?
14604,KAG9268147.1,KAG9267646.1,?
14605,KAG9268147.1,KAG9276072.1,?
14606,KAG9268147.1,KAG9266976.1,?
14607,KAG9268147.1,KAG9265710.1,?
14611,KAG9268147.1,KAG9273184.1,?
14612,KAG9268147.1,KAG9273335.1,?
14615,KAG9268147.1,KAG9266384.1,?
14616,KAG9268147.1,KAG9278505.1,?
14617,KAG9268147.1,KAG9269929.1,?
14618,KAG9268147.1,KAG9269559.1,?
14619,KAG9268147.1,KAG9274823.1,?
14620,KAG9268147.1,KAG9270875.1,?
14622,KAG9261786.1,KAG9261319.1,?
14623,KAG9261786.1,KAG9262236.1,?
14629,KAG9261786.1,KAG9262577.1,?
14634,KAG9261786.1,KAG9262404.1,?
14649,KAG9261786.1,KAG9270506.1,?
14653,KAG9261786.1,KAG9269814.1,?
14656,KAG9261786.1,KAG9270472.1,?
14657,KAG9261786.1,KAG9260860.1,?
14661,KAG9261786.1,KAG9266175.1,?
14662,KAG9261786.1,KAG9261786.1,?
14663,KAG9261786.1,KAG9276532.1,?
14664,KAG9261786.1,KAG9283455.1,?
14665,KAG9261786.1,KAG9271064.1,?
14666,KAG9261786.1,KAG9282162.1,?
14667,KAG9261786.1,KAG9262430.1,?
14668,KAG9261786.1,KAG9264254.1,?
14670,KAG9261786.1,KAG9265027.1,?
14671,KAG9261786.1,KAG9267250.1,?
14675,KAG9261786.1,KAG9282824.1,?
15398,KAG9269944.1,KAG9277447.1,?
15401,KAG9269944.1,KAG9261274.1,?
15403,KAG9269944.1,KAG9276991.1,?
15404,KAG9269944.1,KAG9262047.1,?
15405,KAG9269944.1,KAG9268807.1,?
15406,KAG9269944.1,KAG9277268.1,?
15408,KAG9269944.1,KAG9264332.1,?
15411,KAG9269944.1,KAG9265195.1,?
15413,KAG9269944.1,KAG9269650.1,?
15414,KAG9269944.1,KAG9281027.1,?
15415,KAG9269944.1,KAG9263595.1,?
15423,KAG9269944.1,KAG9263056.1,?
15425,KAG9269944.1,KAG9267447.1,?
15426,KAG9269944.1,KAG9262279.1,?
15430,KAG9260296.1,KAG9265182.1,?
15433,KAG9260296.1,KAG9279860.1,?
15434,KAG9260296.1,KAG9276481.1,?
15440,KAG9260296.1,KAG9273769.1,?
15441,KAG9260296.1,KAG9274534.1,?
15443,KAG9260296.1,KAG9283627.1,?
15445,KAG9260296.1,KAG9283079.1,?
15448,KAG9260296.1,KAG9268728.1,?
15450,KAG9260296.1,KAG9282997.1,?
15452,KAG9260296.1,KAG9272398.1,?
15453,KAG9260296.1,KAG9267304.1,?
15454,KAG9260296.1,KAG9283158.1,?
15456,KAG9260296.1,KAG9262941.1,?
15457,KAG9260296.1,KAG9269146.1,?
15459,KAG9260296.1,KAG9260636.1,?
15460,KAG9260296.1,KAG9260863.1,?
15461,KAG9260296.1,KAG9260439.1,?
15463,KAG9260296.1,KAG9263530.1,?
15464,KAG9260296.1,KAG9278754.1,?
15467,KAG9260296.1,KAG9263846.1,?
15468,KAG9260296.1,KAG9264001.1,?
15470,KAG9260296.1,KAG9270836.1,?
15473,KAG9260296.1,KAG9265898.1,?
15474,KAG9260296.1,KAG9260084.1,?
15477,KAG9260296.1,KAG9279482.1,?
15479,KAG9260296.1,KAG9280001.1,?
15480,KAG9260296.1,KAG9273864.1,?
15481,KAG9260296.1,KAG9267801.1,?
17100,KAG9274157.1,KAG9274157.1,?
17419,KAG9282017.1,KAG9267809.1,?
17422,KAG9282017.1,KAG9271160.1,?
17435,KAG9282017.1,KAG9282795.1,?
17437,KAG9282017.1,KAG9280464.1,?
17438,KAG9282017.1,KAG9267454.1,?
17439,KAG9282017.1,KAG9267411.1,?
17442,KAG9282017.1,KAG9267552.1,?
17443,KAG9282017.1,KAG9264492.1,?
17447,KAG9282017.1,KAG9282017.1,?
17454,KAG9282017.1,KAG9267162.1,?
17456,KAG9282017.1,KAG9267806.1,?
17458,KAG9282017.1,KAG9271924.1,?
17527,KAG9279231.1,KAG9277051.1,?
17529,KAG9279231.1,KAG9261070.1,?
17533,KAG9279231.1,KAG9261394.1,?
17546,KAG9279231.1,KAG9264121.1,?
17553,KAG9279231.1,KAG9280185.1,?
17554,KAG9279231.1,KAG9270492.1,?
17555,KAG9279231.1,KAG9283581.1,?
17556,KAG9279231.1,KAG9277665.1,?
17558,KAG9279231.1,KAG9279231.1,?
17559,KAG9279231.1,KAG9266781.1,?
17561,KAG9279231.1,KAG9266800.1,?
17562,KAG9279231.1,KAG9282345.1,?
17563,KAG9279231.1,KAG9269555.1,?
17565,KAG9279231.1,KAG9275156.1,?
17566,KAG9279231.1,KAG9267772.1,?
17567,KAG9279231.1,KAG9280001.1,?
17867,KAG9263653.1,KAG9266214.1,?
17869,KAG9263653.1,KAG9280587.1,?
17873,KAG9263653.1,KAG9278225.1,?
17875,KAG9263653.1,KAG9272511.1,?
17880,KAG9263653.1,KAG9273063.1,?
17884,KAG9263653.1,KAG9271005.1,?
17896,KAG9263653.1,KAG9265097.1,?
17905,KAG9263653.1,KAG9280924.1,?
17912,KAG9263653.1,KAG9262404.1,?
17940,KAG9263653.1,KAG9271673.1,?
17941,KAG9263653.1,KAG9281070.1,?
17943,KAG9263653.1,KAG9278232.1,?
17950,KAG9263653.1,KAG9283039.1,?
17951,KAG9263653.1,KAG9279307.1,?
17953,KAG9263653.1,KAG9272399.1,?
17954,KAG9263653.1,KAG9268869.1,?
17958,KAG9263653.1,KAG9278789.1,?
17961,KAG9263653.1,KAG9269236.1,?
17964,KAG9263653.1,KAG9262223.1,?
17966,KAG9263653.1,KAG9281498.1,?
17967,KAG9263653.1,KAG9282381.1,?
17969,KAG9263653.1,KAG9262164.1,?
17971,KAG9263653.1,KAG9260890.1,?
17974,KAG9263653.1,KAG9279527.1,?
17975,KAG9263653.1,KAG9260860.1,?
17982,KAG9263653.1,KAG9266359.1,?
17985,KAG9263653.1,KAG9274186.1,?
17989,KAG9263653.1,KAG9280857.1,?
17991,KAG9263653.1,KAG9278460.1,?
17993,KAG9263653.1,KAG9281238.1,?
17994,KAG9263653.1,KAG9264331.1,?
17999,KAG9263653.1,KAG9277474.1,?
18001,KAG9263653.1,KAG9267411.1,?
18005,KAG9263653.1,KAG9267552.1,?
18009,KAG9263653.1,KAG9280861.1,?
18015,KAG9263653.1,KAG9281557.1,?
18016,KAG9263653.1,KAG9282801.1,?
18017,KAG9263653.1,KAG9274094.1,?
18018,KAG9263653.1,KAG9266005.1,?
18019,KAG9263653.1,KAG9282017.1,?
18020,KAG9263653.1,KAG9275578.1,?
18022,KAG9263653.1,KAG9264742.1,?
18023,KAG9263653.1,KAG9263653.1,?
18024,KAG9263653.1,KAG9273012.1,?
18027,KAG9263653.1,KAG9269993.1,?
18028,KAG9263653.1,KAG9264885.1,?
18029,KAG9263653.1,KAG9266478.1,?
18031,KAG9263653.1,KAG9282213.1,?
18034,KAG9263653.1,KAG9273357.1,?
18038,KAG9263653.1,KAG9274020.1,?
18041,KAG9263653.1,KAG9268455.1,?
18046,KAG9263653.1,KAG9262430.1,?
18049,KAG9263653.1,KAG9265201.1,?
18052,KAG9263653.1,KAG9265382.1,?
18053,KAG9263653.1,KAG9282508.1,?
18061,KAG9263653.1,KAG9268973.1,?
18062,KAG9263653.1,KAG9260724.1,?
18064,KAG9263653.1,KAG9260463.1,?
18065,KAG9263653.1,KAG9273264.1,?
18068,KAG9263653.1,KAG9265262.1,?
18069,KAG9263653.1,KAG9274070.1,?
18071,KAG9263653.1,KAG9279961.1,?
18072,KAG9263653.1,KAG9265638.1,?
18074,KAG9263653.1,KAG9263825.1,?
18346,KAG9263053.1,KAG9272871.1,?
18347,KAG9263053.1,KAG9271629.1,?
18348,KAG9263053.1,KAG9279911.1,?
18352,KAG9263053.1,KAG9274835.1,?
18355,KAG9263053.1,KAG9268876.1,?
18356,KAG9263053.1,KAG9262175.1,?
18360,KAG9263053.1,KAG9265136.1,?
18361,KAG9263053.1,KAG9275966.1,?
18363,KAG9263053.1,KAG9276696.1,?
18364,KAG9263053.1,KAG9261700.1,?
18365,KAG9263053.1,KAG9268524.1,?
18369,KAG9263053.1,KAG9269785.1,?
18370,KAG9263053.1,KAG9280925.1,?
18371,KAG9263053.1,KAG9276466.1,?
18373,KAG9263053.1,KAG9268818.1,?
18374,KAG9263053.1,KAG9260840.1,?
18375,KAG9263053.1,KAG9275543.1,?
18376,KAG9263053.1,KAG9269430.1,?
18377,KAG9263053.1,KAG9274165.1,?
18380,KAG9263053.1,KAG9271096.1,?
18382,KAG9263053.1,KAG9276099.1,?
18385,KAG9263053.1,KAG9264500.1,?
18396,KAG9263053.1,KAG9269988.1,?
18399,KAG9263053.1,KAG9264710.1,?
18405,KAG9263053.1,KAG9281816.1,?
18420,KAG9263053.1,KAG9265038.1,?
18441,KAG9263053.1,KAG9271796.1,?
18445,KAG9263053.1,KAG9279651.1,?
18449,KAG9263053.1,KAG9263808.1,?
18453,KAG9263053.1,KAG9278931.1,?
18466,KAG9263053.1,KAG9276115.1,?
18472,KAG9263053.1,KAG9280218.1,?
18476,KAG9263053.1,KAG9280669.1,?
18484,KAG9263053.1,KAG9271401.1,?
18486,KAG9263053.1,KAG9276965.1,?
18514,KAG9263053.1,KAG9279037.1,?
18516,KAG9263053.1,KAG9268969.1,?
18521,KAG9263053.1,KAG9275036.1,?
18524,KAG9263053.1,KAG9277563.1,?
18526,KAG9263053.1,KAG9273048.1,?
18533,KAG9263053.1,KAG9266049.1,?
18540,KAG9263053.1,KAG9270081.1,?
18541,KAG9263053.1,KAG9276033.1,?
18542,KAG9263053.1,KAG9281377.1,?
18546,KAG9263053.1,KAG9271798.1,?
18547,KAG9263053.1,KAG9267345.1,?
18548,KAG9263053.1,KAG9261508.1,?
18555,KAG9263053.1,KAG9267036.1,?
18558,KAG9263053.1,KAG9274163.1,?
18560,KAG9263053.1,KAG9270846.1,?
18561,KAG9263053.1,KAG9268201.1,?
18562,KAG9263053.1,KAG9264104.1,?
18568,KAG9263053.1,KAG9272399.1,?
18569,KAG9263053.1,KAG9270720.1,?
18570,KAG9263053.1,KAG9262974.1,?
18571,KAG9263053.1,KAG9276139.1,?
18573,KAG9263053.1,KAG9271193.1,?
18574,KAG9263053.1,KAG9267490.1,?
18575,KAG9263053.1,KAG9277157.1,?
18576,KAG9263053.1,KAG9268869.1,?
18578,KAG9263053.1,KAG9262455.1,?
18579,KAG9263053.1,KAG9261577.1,?
18580,KAG9263053.1,KAG9280779.1,?
18581,KAG9263053.1,KAG9275948.1,?
18582,KAG9263053.1,KAG9270480.1,?
18583,KAG9263053.1,KAG9278789.1,?
18584,KAG9263053.1,KAG9279393.1,?
18588,KAG9263053.1,KAG9267864.1,?
18589,KAG9263053.1,KAG9268499.1,?
18592,KAG9263053.1,KAG9280163.1,?
18594,KAG9263053.1,KAG9277462.1,?
18597,KAG9263053.1,KAG9278909.1,?
18601,KAG9263053.1,KAG9266546.1,?
18602,KAG9263053.1,KAG9271457.1,?
18604,KAG9263053.1,KAG9266281.1,?
18605,KAG9263053.1,KAG9280525.1,?
18606,KAG9263053.1,KAG9271101.1,?
18608,KAG9263053.1,KAG9280552.1,?
18609,KAG9263053.1,KAG9278926.1,?
18611,KAG9263053.1,KAG9282482.1,?
18613,KAG9263053.1,KAG9267092.1,?
18614,KAG9263053.1,KAG9281804.1,?
18615,KAG9263053.1,KAG9276237.1,?
18616,KAG9263053.1,KAG9281379.1,?
18621,KAG9263053.1,KAG9274158.1,?
18624,KAG9263053.1,KAG9265910.1,?
18629,KAG9263053.1,KAG9263645.1,?
18632,KAG9263053.1,KAG9280510.1,?
18633,KAG9263053.1,KAG9271393.1,?
18635,KAG9263053.1,KAG9264388.1,?
18636,KAG9263053.1,KAG9275483.1,?
18637,KAG9263053.1,KAG9271482.1,?
18638,KAG9263053.1,KAG9277867.1,?
18639,KAG9263053.1,KAG9266359.1,?
18640,KAG9263053.1,KAG9271190.1,?
18641,KAG9263053.1,KAG9266498.1,?
18642,KAG9263053.1,KAG9271613.1,?
18643,KAG9263053.1,KAG9268521.1,?
18651,KAG9263053.1,KAG9268887.1,?
18653,KAG9263053.1,KAG9277250.1,?
18655,KAG9263053.1,KAG9280857.1,?
18656,KAG9263053.1,KAG9263505.1,?
18666,KAG9263053.1,KAG9274481.1,?
18667,KAG9263053.1,KAG9277837.1,?
18668,KAG9263053.1,KAG9268085.1,?
18671,KAG9263053.1,KAG9278562.1,?
18672,KAG9263053.1,KAG9270843.1,?
18673,KAG9263053.1,KAG9272445.1,?
18675,KAG9263053.1,KAG9261064.1,?
18676,KAG9263053.1,KAG9282809.1,?
18678,KAG9263053.1,KAG9260180.1,?
18679,KAG9263053.1,KAG9277474.1,?
18682,KAG9263053.1,KAG9263083.1,?
18684,KAG9263053.1,KAG9276532.1,?
18690,KAG9263053.1,KAG9276072.1,?
18691,KAG9263053.1,KAG9274814.1,?
18692,KAG9263053.1,KAG9270849.1,?
18695,KAG9263053.1,KAG9272165.1,?
18696,KAG9263053.1,KAG9268012.1,?
18697,KAG9263053.1,KAG9280519.1,?
18698,KAG9263053.1,KAG9271661.1,?
18704,KAG9263053.1,KAG9263087.1,?
18705,KAG9263053.1,KAG9265710.1,?
18706,KAG9263053.1,KAG9267683.1,?
18707,KAG9263053.1,KAG9263066.1,?
18709,KAG9263053.1,KAG9282532.1,?
18711,KAG9263053.1,KAG9279296.1,?
18713,KAG9263053.1,KAG9267984.1,?
18714,KAG9263053.1,KAG9279690.1,?
18715,KAG9263053.1,KAG9263078.1,?
18717,KAG9263053.1,KAG9283094.1,?
18718,KAG9263053.1,KAG9280079.1,?
18719,KAG9263053.1,KAG9266378.1,?
18720,KAG9263053.1,KAG9282801.1,?
18721,KAG9263053.1,KAG9269773.1,?
18723,KAG9263053.1,KAG9274970.1,?
18725,KAG9263053.1,KAG9275578.1,?
18729,KAG9263053.1,KAG9266781.1,?
18730,KAG9263053.1,KAG9281059.1,?
18731,KAG9263053.1,KAG9274387.1,?
18732,KAG9263053.1,KAG9280191.1,?
18733,KAG9263053.1,KAG9271074.1,?
18734,KAG9263053.1,KAG9260507.1,?
18739,KAG9263053.1,KAG9260647.1,?
18741,KAG9263053.1,KAG9266800.1,?
18746,KAG9263053.1,KAG9268097.1,?
18747,KAG9263053.1,KAG9281723.1,?
18748,KAG9263053.1,KAG9260846.1,?
18749,KAG9263053.1,KAG9263374.1,?
18750,KAG9263053.1,KAG9264885.1,?
18751,KAG9263053.1,KAG9266360.1,?
18753,KAG9263053.1,KAG9261189.1,?
18754,KAG9263053.1,KAG9263053.1,?
18755,KAG9263053.1,KAG9263703.1,?
18756,KAG9263053.1,KAG9267198.1,?
18759,KAG9263053.1,KAG9266329.1,?
18762,KAG9263053.1,KAG9268132.1,?
18764,KAG9263053.1,KAG9279180.1,?
18765,KAG9263053.1,KAG9275426.1,?
18767,KAG9263053.1,KAG9279496.1,?
18768,KAG9263053.1,KAG9272074.1,?
18769,KAG9263053.1,KAG9283859.1,?
18770,KAG9263053.1,KAG9272661.1,?
18771,KAG9263053.1,KAG9274651.1,?
18772,KAG9263053.1,KAG9269218.1,?
18777,KAG9263053.1,KAG9281137.1,?
18778,KAG9263053.1,KAG9259819.1,?
18779,KAG9263053.1,KAG9270832.1,?
18780,KAG9263053.1,KAG9270771.1,?
18781,KAG9263053.1,KAG9281372.1,?
18782,KAG9263053.1,KAG9269274.1,?
18783,KAG9263053.1,KAG9280709.1,?
18785,KAG9263053.1,KAG9265382.1,?
18786,KAG9263053.1,KAG9260118.1,?
18787,KAG9263053.1,KAG9262421.1,?
18788,KAG9263053.1,KAG9269895.1,?
18789,KAG9263053.1,KAG9262992.1,?
18790,KAG9263053.1,KAG9264674.1,?
18797,KAG9263053.1,KAG9273768.1,?
18799,KAG9263053.1,KAG9260724.1,?
18800,KAG9263053.1,KAG9277005.1,?
18802,KAG9263053.1,KAG9270732.1,?
18805,KAG9263053.1,KAG9275653.1,?
18806,KAG9263053.1,KAG9271454.1,?
18807,KAG9263053.1,KAG9261956.1,?
18809,KAG9263053.1,KAG9267773.1,?
18810,KAG9263053.1,KAG9272093.1,?
18811,KAG9263053.1,KAG9280581.1,?
18813,KAG9263053.1,KAG9276936.1,?
18814,KAG9263053.1,KAG9269909.1,?
18815,KAG9263053.1,KAG9269559.1,?
18818,KAG9263053.1,KAG9265027.1,?
18819,KAG9263053.1,KAG9264128.1,?
18822,KAG9263053.1,KAG9267250.1,?
18825,KAG9263053.1,KAG9271182.1,?
18828,KAG9263053.1,KAG9282868.1,?
18831,KAG9263053.1,KAG9275478.1,?
18832,KAG9263053.1,KAG9277206.1,?
18833,KAG9263053.1,KAG9261512.1,?
18835,KAG9263053.1,KAG9274811.1,?
18836,KAG9263053.1,KAG9279961.1,?
18837,KAG9263053.1,KAG9279771.1,?
18839,KAG9263053.1,KAG9269724.1,?
18840,KAG9263053.1,KAG9270576.1,?
18842,KAG9263053.1,KAG9263055.1,?
18843,KAG9263053.1,KAG9270705.1,?
18845,KAG9263053.1,KAG9271091.1,?
18846,KAG9263053.1,KAG9276798.1,?
18848,KAG9263053.1,KAG9279892.1,?
18851,KAG9263053.1,KAG9263825.1,?
18853,KAG9263053.1,KAG9266944.1,?
19922,KAG9260161.1,KAG9270215.1,?
19924,KAG9260161.1,KAG9265758.1,?
19925,KAG9260161.1,KAG9278772.1,?
19929,KAG9260161.1,KAG9282151.1,?
19930,KAG9260161.1,KAG9283802.1,?
19931,KAG9260161.1,KAG9274766.1,?
20199,KAG9265201.1,KAG9279911.1,?
20203,KAG9265201.1,KAG9280587.1,?
20204,KAG9265201.1,KAG9267157.1,?
20207,KAG9265201.1,KAG9276696.1,?
20208,KAG9265201.1,KAG9278225.1,?
20210,KAG9265201.1,KAG9273063.1,?
20211,KAG9265201.1,KAG9270015.1,?
20217,KAG9265201.1,KAG9269430.1,?
20219,KAG9265201.1,KAG9260555.1,?
20238,KAG9265201.1,KAG9260703.1,?
20245,KAG9265201.1,KAG9262404.1,?
20250,KAG9265201.1,KAG9275167.1,?
20269,KAG9265201.1,KAG9268969.1,?
20282,KAG9265201.1,KAG9270846.1,?
20285,KAG9265201.1,KAG9262974.1,?
20286,KAG9265201.1,KAG9272194.1,?
20289,KAG9265201.1,KAG9273191.1,?
20292,KAG9265201.1,KAG9278789.1,?
20295,KAG9265201.1,KAG9279393.1,?
20297,KAG9265201.1,KAG9264637.1,?
20298,KAG9265201.1,KAG9269236.1,?
20303,KAG9265201.1,KAG9262223.1,?
20308,KAG9265201.1,KAG9267092.1,?
20309,KAG9265201.1,KAG9279317.1,?
20310,KAG9265201.1,KAG9279492.1,?
20311,KAG9265201.1,KAG9263768.1,?
20312,KAG9265201.1,KAG9266571.1,?
20313,KAG9265201.1,KAG9276237.1,?
20315,KAG9265201.1,KAG9269140.1,?
20316,KAG9265201.1,KAG9264767.1,?
20318,KAG9265201.1,KAG9265910.1,?
20319,KAG9265201.1,KAG9279527.1,?
20320,KAG9265201.1,KAG9260860.1,?
20324,KAG9265201.1,KAG9273502.1,?
20325,KAG9265201.1,KAG9263256.1,?
20326,KAG9265201.1,KAG9262480.1,?
20327,KAG9265201.1,KAG9281210.1,?
20330,KAG9265201.1,KAG9275483.1,?
20332,KAG9265201.1,KAG9275414.1,?
20333,KAG9265201.1,KAG9266359.1,?
20334,KAG9265201.1,KAG9266932.1,?
20337,KAG9265201.1,KAG9268887.1,?
20342,KAG9265201.1,KAG9280857.1,?
20348,KAG9265201.1,KAG9260513.1,?
20349,KAG9265201.1,KAG9261064.1,?
20351,KAG9265201.1,KAG9281179.1,?
20352,KAG9265201.1,KAG9277474.1,?
20355,KAG9265201.1,KAG9263083.1,?
20356,KAG9265201.1,KAG9276532.1,?
20358,KAG9265201.1,KAG9259538.1,?
20361,KAG9265201.1,KAG9268012.1,?
20362,KAG9265201.1,KAG9266274.1,?
20366,KAG9265201.1,KAG9264453.1,?
20367,KAG9265201.1,KAG9263993.1,?
20371,KAG9265201.1,KAG9283094.1,?
20372,KAG9265201.1,KAG9282801.1,?
20373,KAG9265201.1,KAG9274094.1,?
20374,KAG9265201.1,KAG9264622.1,?
20376,KAG9265201.1,KAG9264742.1,?
20377,KAG9265201.1,KAG9263653.1,?
20379,KAG9265201.1,KAG9272391.1,?
20380,KAG9265201.1,KAG9273012.1,?
20382,KAG9265201.1,KAG9272106.1,?
20384,KAG9265201.1,KAG9279530.1,?
20387,KAG9265201.1,KAG9269993.1,?
20391,KAG9265201.1,KAG9263703.1,?
20395,KAG9265201.1,KAG9259635.1,?
20398,KAG9265201.1,KAG9274020.1,?
20399,KAG9265201.1,KAG9268455.1,?
20400,KAG9265201.1,KAG9262430.1,?
20403,KAG9265201.1,KAG9275052.1,?
20405,KAG9265201.1,KAG9265201.1,?
20407,KAG9265201.1,KAG9280709.1,?
20408,KAG9265201.1,KAG9265382.1,?
20409,KAG9265201.1,KAG9282508.1,?
20410,KAG9265201.1,KAG9262421.1,?
20411,KAG9265201.1,KAG9268936.1,?
20418,KAG9265201.1,KAG9274001.1,?
20419,KAG9265201.1,KAG9273768.1,?
20424,KAG9265201.1,KAG9269909.1,?
20429,KAG9265201.1,KAG9265027.1,?
20431,KAG9265201.1,KAG9267250.1,?
20433,KAG9265201.1,KAG9268633.1,?
20435,KAG9265201.1,KAG9265638.1,?
20436,KAG9265201.1,KAG9267447.1,?
20437,KAG9265201.1,KAG9270705.1,?
20438,KAG9265201.1,KAG9263857.1,?
20441,KAG9265201.1,KAG9276257.1,?
20442,KAG9265201.1,KAG9282824.1,?
21725,KAG9264254.1,KAG9276139.1,?
21726,KAG9264254.1,KAG9269236.1,?
21727,KAG9264254.1,KAG9269814.1,?
21729,KAG9264254.1,KAG9280464.1,?
21730,KAG9264254.1,KAG9269962.1,?
21731,KAG9264254.1,KAG9266440.1,?
21733,KAG9264254.1,KAG9265201.1,?
21736,KAG9264254.1,KAG9282824.1,?
21740,KAG9259712.1,KAG9259712.1,?
21796,KAG9273264.1,KAG9266214.1,?
21797,KAG9273264.1,KAG9278225.1,?
21799,KAG9273264.1,KAG9268524.1,?
21803,KAG9273264.1,KAG9274790.1,?
21804,KAG9273264.1,KAG9276099.1,?
21810,KAG9273264.1,KAG9272055.1,?
21820,KAG9273264.1,KAG9266207.1,?
21839,KAG9273264.1,KAG9272399.1,?
21841,KAG9273264.1,KAG9265101.1,?
21849,KAG9273264.1,KAG9260890.1,?
21857,KAG9273264.1,KAG9283628.1,?
21858,KAG9273264.1,KAG9266498.1,?
21860,KAG9273264.1,KAG9268887.1,?
21861,KAG9273264.1,KAG9274186.1,?
21863,KAG9273264.1,KAG9268193.1,?
21866,KAG9273264.1,KAG9267411.1,?
21869,KAG9273264.1,KAG9279690.1,?
21872,KAG9273264.1,KAG9275578.1,?
21875,KAG9273264.1,KAG9264742.1,?
21876,KAG9273264.1,KAG9271074.1,?
21877,KAG9273264.1,KAG9263653.1,?
21879,KAG9273264.1,KAG9277332.1,?
21880,KAG9273264.1,KAG9260647.1,?
21883,KAG9273264.1,KAG9264885.1,?
21885,KAG9273264.1,KAG9266478.1,?
21890,KAG9273264.1,KAG9272074.1,?
21891,KAG9273264.1,KAG9273357.1,?
21897,KAG9273264.1,KAG9262421.1,?
21901,KAG9273264.1,KAG9268973.1,?
21902,KAG9273264.1,KAG9260724.1,?
21903,KAG9273264.1,KAG9273264.1,?
21906,KAG9273264.1,KAG9276592.1,?
21908,KAG9273264.1,KAG9265262.1,?
21909,KAG9273264.1,KAG9261512.1,?
21910,KAG9273264.1,KAG9265638.1,?
21911,KAG9273264.1,KAG9262279.1,?
21947,KAG9276351.1,KAG9279911.1,?
21955,KAG9276351.1,KAG9273919.1,?
21956,KAG9276351.1,KAG9263822.1,?
21957,KAG9276351.1,KAG9263020.1,?
21961,KAG9276351.1,KAG9273063.1,?
21962,KAG9276351.1,KAG9270015.1,?
21965,KAG9276351.1,KAG9280925.1,?
21969,KAG9276351.1,KAG9269430.1,?
21970,KAG9276351.1,KAG9274165.1,?
21990,KAG9276351.1,KAG9262577.1,?
21996,KAG9276351.1,KAG9271284.1,?
22008,KAG9276351.1,KAG9274247.1,?
22027,KAG9276351.1,KAG9267036.1,?
22030,KAG9276351.1,KAG9274163.1,?
22032,KAG9276351.1,KAG9270846.1,?
22033,KAG9276351.1,KAG9268201.1,?
22034,KAG9276351.1,KAG9272771.1,?
22038,KAG9276351.1,KAG9270720.1,?
22039,KAG9276351.1,KAG9262974.1,?
22040,KAG9276351.1,KAG9276139.1,?
22041,KAG9276351.1,KAG9280779.1,?
22043,KAG9276351.1,KAG9278789.1,?
22044,KAG9276351.1,KAG9277381.1,?
22047,KAG9276351.1,KAG9277462.1,?
22048,KAG9276351.1,KAG9278909.1,?
22055,KAG9276351.1,KAG9271101.1,?
22056,KAG9276351.1,KAG9280552.1,?
22058,KAG9276351.1,KAG9282482.1,?
22060,KAG9276351.1,KAG9274501.1,?
22061,KAG9276351.1,KAG9267092.1,?
22062,KAG9276351.1,KAG9279317.1,?
22063,KAG9276351.1,KAG9276237.1,?
22064,KAG9276351.1,KAG9276739.1,?
22066,KAG9276351.1,KAG9265910.1,?
22067,KAG9276351.1,KAG9260860.1,?
22073,KAG9276351.1,KAG9268247.1,?
22075,KAG9276351.1,KAG9275414.1,?
22076,KAG9276351.1,KAG9277867.1,?
22077,KAG9276351.1,KAG9266359.1,?
22080,KAG9276351.1,KAG9267971.1,?
22081,KAG9276351.1,KAG9262988.1,?
22084,KAG9276351.1,KAG9280857.1,?
22087,KAG9276351.1,KAG9274481.1,?
22088,KAG9276351.1,KAG9277837.1,?
22089,KAG9276351.1,KAG9278460.1,?
22093,KAG9276351.1,KAG9278562.1,?
22094,KAG9276351.1,KAG9260513.1,?
22095,KAG9276351.1,KAG9261064.1,?
22097,KAG9276351.1,KAG9277474.1,?
22098,KAG9276351.1,KAG9279564.1,?
22099,KAG9276351.1,KAG9263083.1,?
22101,KAG9276351.1,KAG9259538.1,?
22103,KAG9276351.1,KAG9277187.1,?
22106,KAG9276351.1,KAG9268012.1,?
22107,KAG9276351.1,KAG9271661.1,?
22109,KAG9276351.1,KAG9267132.1,?
22115,KAG9276351.1,KAG9283094.1,?
22116,KAG9276351.1,KAG9281557.1,?
22117,KAG9276351.1,KAG9282801.1,?
22119,KAG9276351.1,KAG9271436.1,?
22120,KAG9276351.1,KAG9265883.1,?
22124,KAG9276351.1,KAG9266781.1,?
22125,KAG9276351.1,KAG9264742.1,?
22126,KAG9276351.1,KAG9263653.1,?
22129,KAG9276351.1,KAG9261462.1,?
22130,KAG9276351.1,KAG9272391.1,?
22131,KAG9276351.1,KAG9273012.1,?
22133,KAG9276351.1,KAG9279530.1,?
22136,KAG9276351.1,KAG9269993.1,?
22139,KAG9276351.1,KAG9267195.1,?
22143,KAG9276351.1,KAG9266329.1,?
22148,KAG9276351.1,KAG9275426.1,?
22150,KAG9276351.1,KAG9266089.1,?
22153,KAG9276351.1,KAG9262430.1,?
22154,KAG9276351.1,KAG9259928.1,?
22157,KAG9276351.1,KAG9265201.1,?
22159,KAG9276351.1,KAG9280709.1,?
22160,KAG9276351.1,KAG9265382.1,?
22161,KAG9276351.1,KAG9260118.1,?
22162,KAG9276351.1,KAG9262421.1,?
22165,KAG9276351.1,KAG9279942.1,?
22167,KAG9276351.1,KAG9274001.1,?
22168,KAG9276351.1,KAG9273768.1,?
22169,KAG9276351.1,KAG9281820.1,?
22171,KAG9276351.1,KAG9266476.1,?
22174,KAG9276351.1,KAG9277408.1,?
22175,KAG9276351.1,KAG9271454.1,?
22176,KAG9276351.1,KAG9277809.1,?
22182,KAG9276351.1,KAG9265027.1,?
22184,KAG9276351.1,KAG9267250.1,?
22189,KAG9276351.1,KAG9268633.1,?
22192,KAG9276351.1,KAG9277206.1,?
22194,KAG9276351.1,KAG9279903.1,?
22195,KAG9276351.1,KAG9267447.1,?
22196,KAG9276351.1,KAG9263857.1,?
22198,KAG9276351.1,KAG9282824.1,?
22408,KAG9261690.1,KAG9278819.1,?
22413,KAG9261690.1,KAG9263157.1,?
22418,KAG9261690.1,KAG9277912.1,?
22420,KAG9261690.1,KAG9274346.1,?
22422,KAG9261690.1,KAG9274217.1,?
22433,KAG9261690.1,KAG9261923.1,?
22434,KAG9261690.1,KAG9263496.1,?
22439,KAG9261690.1,KAG9263702.1,?
22440,KAG9261690.1,KAG9265101.1,?
22449,KAG9261690.1,KAG9262476.1,?
22450,KAG9261690.1,KAG9283913.1,?
22452,KAG9261690.1,KAG9280036.1,?
22454,KAG9261690.1,KAG9262164.1,?
22455,KAG9261690.1,KAG9267374.1,?
22462,KAG9261690.1,KAG9283628.1,?
22463,KAG9261690.1,KAG9260382.1,?
22466,KAG9261690.1,KAG9266101.1,?
22468,KAG9261690.1,KAG9267114.1,?
22475,KAG9261690.1,KAG9268563.1,?
22478,KAG9261690.1,KAG9268821.1,?
22481,KAG9261690.1,KAG9273357.1,?
22484,KAG9261690.1,KAG9260118.1,?
22489,KAG9261690.1,KAG9276592.1,?
22490,KAG9261690.1,KAG9259816.1,?
22491,KAG9261690.1,KAG9275478.1,?
22493,KAG9261690.1,KAG9261690.1,?
22494,KAG9261690.1,KAG9269620.1,?
22497,KAG9261690.1,KAG9269761.1,?
22500,KAG9261690.1,KAG9265159.1,?
22535,KAG9267806.1,KAG9276173.1,?
22537,KAG9267806.1,KAG9267809.1,?
22538,KAG9267806.1,KAG9269975.1,?
22543,KAG9267806.1,KAG9274974.1,?
22544,KAG9267806.1,KAG9276187.1,?
22556,KAG9267806.1,KAG9266003.1,?
22565,KAG9267806.1,KAG9266290.1,?
22582,KAG9267806.1,KAG9266740.1,?
22583,KAG9267806.1,KAG9282170.1,?
22584,KAG9267806.1,KAG9280312.1,?
22585,KAG9267806.1,KAG9280464.1,?
22586,KAG9267806.1,KAG9265904.1,?
22588,KAG9267806.1,KAG9267454.1,?
22595,KAG9267806.1,KAG9264492.1,?
22601,KAG9267806.1,KAG9282017.1,?
22602,KAG9267806.1,KAG9263982.1,?
22606,KAG9267806.1,KAG9261532.1,?
22611,KAG9267806.1,KAG9264987.1,?
22613,KAG9267806.1,KAG9267806.1,?
22616,KAG9267806.1,KAG9271924.1,?
22880,KAG9264783.1,KAG9282759.1,?
22885,KAG9264783.1,KAG9270732.1,?
22886,KAG9264783.1,KAG9262113.1,?
23154,KAG9271924.1,KAG9276173.1,?
23155,KAG9271924.1,KAG9267809.1,?
23156,KAG9271924.1,KAG9269975.1,?
23158,KAG9271924.1,KAG9261834.1,?
23172,KAG9271924.1,KAG9274346.1,?
23176,KAG9271924.1,KAG9267682.1,?
23193,KAG9271924.1,KAG9274206.1,?
23202,KAG9271924.1,KAG9282795.1,?
23204,KAG9271924.1,KAG9260016.1,?
23206,KAG9271924.1,KAG9280312.1,?
23207,KAG9271924.1,KAG9280464.1,?
23208,KAG9271924.1,KAG9277797.1,?
23209,KAG9271924.1,KAG9283628.1,?
23211,KAG9271924.1,KAG9267454.1,?
23214,KAG9271924.1,KAG9264492.1,?
23219,KAG9271924.1,KAG9282017.1,?
23223,KAG9271924.1,KAG9264885.1,?
23226,KAG9271924.1,KAG9260724.1,?
23231,KAG9271924.1,KAG9265262.1,?
23232,KAG9271924.1,KAG9264987.1,?
23234,KAG9271924.1,KAG9267806.1,?
23236,KAG9271924.1,KAG9271924.1,?
